Unnamed: 1,Unnamed: 2,Unnamed: 3,Unnamed: 4,Unnamed: 5,Unnamed: 6,Unnamed: 7,Unnamed: 8,Unnamed: 9,Unnamed: 10,Unnamed: 11,Unnamed: 12,Unnamed: 13,Unnamed: 14,Unnamed: 15,Unnamed: 16,Unnamed: 17,Unnamed: 18,Unnamed: 19,Unnamed: 20,Unnamed: 21,Unnamed: 22,Unnamed: 23,Unnamed: 24,Unnamed: 25,Unnamed: 26,Unnamed: 27,Unnamed: 28,Unnamed: 29,Unnamed: 30,Unnamed: 31,Unnamed: 32,Unnamed: 33,Unnamed: 34,Unnamed: 35,Unnamed: 36,Unnamed: 37,Unnamed: 38,Unnamed: 39,Unnamed: 40,Unnamed: 41,Unnamed: 42,Unnamed: 43,Unnamed: 44,Unnamed: 45,Unnamed: 46,Unnamed: 47,Unnamed: 48,Unnamed: 49,Unnamed: 50,Unnamed: 51,Unnamed: 52,Unnamed: 53,Unnamed: 54,Unnamed: 55,Unnamed: 56,Unnamed: 57,Unnamed: 58,Unnamed: 59,Unnamed: 60,Unnamed: 61,Unnamed: 62,Unnamed: 63,Unnamed: 64,Unnamed: 65,Unnamed: 66,Unnamed: 67,Unnamed: 68,Unnamed: 69,Unnamed: 70,Unnamed: 71,Unnamed: 72,Unnamed: 73,Unnamed: 74,Unnamed: 75,Unnamed: 76,Unnamed: 77,Unnamed: 78,Unnamed: 79,Unnamed: 80,Unnamed: 81,Unnamed: 82,Unnamed: 83,Unnamed: 84,Unnamed: 85,Unnamed: 86,Unnamed: 87,Unnamed: 88,Unnamed: 89,Unnamed: 90,Unnamed: 91,Unnamed: 92,Unnamed: 93,Unnamed: 94,Unnamed: 95,Unnamed: 96,Unnamed: 97,Unnamed: 98,Unnamed: 99,Unnamed: 100,Unnamed: 101,Unnamed: 102,Unnamed: 103,Unnamed: 104,Unnamed: 105,Unnamed: 106,Unnamed: 107,Unnamed: 108,Unnamed: 109,Unnamed: 110,Unnamed: 111,Unnamed: 112,Unnamed: 113,Unnamed: 114,Unnamed: 115,Unnamed: 116,Unnamed: 117,Unnamed: 118,Unnamed: 119,Unnamed: 120,Unnamed: 121,Unnamed: 122,Unnamed: 123,Unnamed: 124,Unnamed: 125,Unnamed: 126,Unnamed: 127,Unnamed: 128,Unnamed: 129,Unnamed: 130,Unnamed: 131,Unnamed: 132,Unnamed: 133,Unnamed: 134,Unnamed: 135,Unnamed: 136
-0.66123,-0.66099,-0.66156,-0.6622600000000001,-0.66191,-0.66274,-0.66093,-0.66345,-0.66219,-0.6623399999999999,-0.66171,-0.6613899999999999,-0.66141,-0.66145,-0.66037,-0.6591100000000001,-0.65974,-0.65818,-0.6584,-0.65735,-0.65852,-0.6584899999999999,-0.65737,-0.65436,-0.65252,-0.65132,-0.6481399999999999,-0.6473300000000001,-0.6471,-0.64486,-0.6436,-0.64349,-0.64265,-0.6421,-0.64448,-0.64889,-0.65766,-0.6612,-0.64966,-0.61017,-0.53743,-0.46503,-0.35853,-0.28314,-0.17745,0.15825,0.35028000000000004,0.48241000000000006,0.6038100000000001,0.7971,0.98755,1.2038,1.4065,1.5962,1.7128,1.7788,1.7938,1.7971,1.8102,1.8206,1.8172,1.8316,1.8316,1.829,1.8454,1.8453,1.8458,1.8425,1.8354,1.8364,1.8407,1.8325,1.8318,1.8292,1.8224,1.8137,1.8066,1.7817,1.7682,1.715,1.6362,1.5421,1.4168,1.2954,1.1717,1.0295,0.8327,0.74874,0.48444,0.46799999999999997,0.13619,-0.020964,-0.24145,-0.42928,-0.54788,-0.6577,-0.74082,-0.77535,-0.78246,-0.7692899999999999,-0.74328,-0.71938,-0.69688,-0.6863100000000001,-0.67374,-0.6683899999999999,-0.66464,-0.6641199999999999,-0.6643,-0.6612,-0.65935,-0.65258,-0.64332,-0.6388699999999999,-0.63656,-0.63317,-0.6330399999999999,-0.6330100000000001,-0.63303,-0.63522,-0.63447,-0.63579,-0.6362800000000001,-0.6354,-0.63607,-0.63755,-0.63926,-0.63972,-0.63973,-0.64018,-0.63923,-0.63939,-0.64023,-0.64043,-0.63867,-0.63866
-0.62956,-0.6287,-0.62747,-0.6240899999999999,-0.62038,-0.61557,-0.61236,-0.60895,-0.60814,-0.60875,-0.60932,-0.60964,-0.61068,-0.6111300000000001,-0.6110800000000001,-0.6117100000000001,-0.61088,-0.60945,-0.6089399999999999,-0.6068899999999999,-0.60496,-0.60258,-0.60001,-0.59801,-0.59754,-0.59777,-0.5969899999999999,-0.59715,-0.59554,-0.59359,-0.59578,-0.59911,-0.59121,-0.56584,-0.50726,-0.47291000000000005,-0.39633,-0.33415,-0.2,-0.084494,0.10084,0.31489,0.52512,0.69455,0.80781,0.92774,1.0859,1.2465,1.4187,1.5884,1.7182,1.8249,1.8472,1.8518,1.8724,1.8872,1.8986,1.9094,1.9125,1.9097,1.9175,1.919,1.919,1.9252,1.9172,1.92,1.9212,1.9229,1.9149,1.9197,1.9002,1.8759,1.8251,1.7656,1.6632,1.5312,1.3838,1.2475,1.1144,0.9749899999999999,0.8627100000000001,0.72754,0.62537,0.46326000000000006,0.22508000000000003,-0.012778,-0.23726999999999998,-0.37892,-0.49682,-0.61293,-0.71133,-0.76952,-0.80119,-0.81305,-0.8142,-0.8085899999999999,-0.79895,-0.78046,-0.76326,-0.75208,-0.73252,-0.72218,-0.71058,-0.7005,-0.6925100000000001,-0.6855399999999999,-0.67507,-0.66984,-0.6632100000000001,-0.65961,-0.65295,-0.64982,-0.6472,-0.6455,-0.64535,-0.64491,-0.64518,-0.64599,-0.64499,-0.64382,-0.6429600000000001,-0.64283,-0.64348,-0.64357,-0.6418699999999999,-0.64157,-0.6411399999999999,-0.6414300000000001,-0.63927,-0.6378,-0.63768,-0.63526,-0.63549,-0.63493,-0.6345,-0.6316
-0.78191,-0.78205,-0.77799,-0.77679,-0.77608,-0.77861,-0.78267,-0.78045,-0.777,-0.7699699999999999,-0.76982,-0.76871,-0.7699,-0.77251,-0.77291,-0.77447,-0.7741399999999999,-0.76995,-0.769,-0.76947,-0.77118,-0.77031,-0.76105,-0.71917,-0.66384,-0.63927,-0.63442,-0.6287,-0.63341,-0.62427,-0.59826,-0.57381,-0.56252,-0.55018,-0.5282,-0.47662,-0.39207,-0.3089,-0.011156999999999999,0.28712,0.43799999999999994,0.61875,0.88715,1.1356,1.3415,1.52,1.6115,1.6558,1.675,1.6882,1.6986,1.7035,1.7037,1.7005,1.7,1.6983,1.6969999999999998,1.6951,1.6967,1.6966,1.6942,1.6887,1.6887,1.6866,1.6782,1.6716,1.6679,1.6622,1.6624,1.6555,1.6484,1.6373,1.6372,1.6344,1.6221,1.5974,1.5676,1.5063,1.4058,1.2812,1.1392,0.97936,0.80906,0.6469199999999999,0.47168999999999994,0.30269,0.18774000000000002,0.039057999999999995,-0.078698,-0.20820999999999998,-0.31264000000000003,-0.389,-0.45182,-0.49966000000000005,-0.5330699999999999,-0.55715,-0.56284,-0.57744,-0.59807,-0.6201,-0.63717,-0.6402899999999999,-0.6369600000000001,-0.63049,-0.60814,-0.58754,-0.57186,-0.55389,-0.53961,-0.53883,-0.5583899999999999,-0.5886399999999999,-0.62929,-0.66251,-0.69088,-0.70717,-0.72228,-0.73265,-0.73874,-0.73924,-0.73841,-0.73719,-0.73141,-0.7274,-0.72749,-0.72378,-0.72206,-0.7187100000000001,-0.71353,-0.71002,-0.70413,-0.70326,-0.70339,-0.7042,-0.7076100000000001,-0.70712
-0.74635,-0.74564,-0.74554,-0.74488,-0.74484,-0.7460600000000001,-0.74429,-0.7448100000000001,-0.7450100000000001,-0.74428,-0.74263,-0.74216,-0.7412,-0.7407600000000001,-0.73883,-0.7378600000000001,-0.72946,-0.70014,-0.65004,-0.60092,-0.57789,-0.56987,-0.56302,-0.5706399999999999,-0.57865,-0.58557,-0.5858,-0.57486,-0.55793,-0.5389,-0.516,-0.47484,-0.40692,-0.32781,-0.25246,-0.070798,0.11265,0.25306999999999996,0.48089,0.68199,0.87282,1.0667,1.2539,1.4437,1.6197,1.7002,1.7336,1.7524,1.7661,1.7717,1.7736,1.7781,1.7807,1.7816,1.7833,1.7798,1.7819999999999998,1.7769,1.7768,1.7762,1.7765,1.7774,1.7774,1.7719,1.7642,1.7622,1.7637,1.7594,1.7527,1.7422,1.7182,1.6778,1.6165,1.5142,1.3993,1.261,1.1176,0.95725,0.7854,0.61598,0.45023,0.28726999999999997,0.14468,0.018479,-0.10955999999999999,-0.2145,-0.31115,-0.3732,-0.42763999999999996,-0.45898,-0.47963,-0.50517,-0.51764,-0.52649,-0.53482,-0.5397,-0.54971,-0.5532,-0.55425,-0.55387,-0.55306,-0.55643,-0.5556300000000001,-0.56195,-0.5725399999999999,-0.59159,-0.62088,-0.65932,-0.7009,-0.73523,-0.7684300000000001,-0.7861100000000001,-0.7923100000000001,-0.79151,-0.79001,-0.78887,-0.78195,-0.7742,-0.76773,-0.75441,-0.74325,-0.73418,-0.72341,-0.7217899999999999,-0.72126,-0.72091,-0.72167,-0.7246600000000001,-0.72923,-0.7289399999999999,-0.72783,-0.72824,-0.72645,-0.7255199999999999,-0.72519,-0.72468
-0.57862,-0.5774100000000001,-0.5776,-0.57663,-0.57471,-0.57755,-0.5755899999999999,-0.5754199999999999,-0.5751,-0.5755399999999999,-0.57275,-0.57282,-0.57425,-0.5743699999999999,-0.57325,-0.57393,-0.57201,-0.56777,-0.56805,-0.56897,-0.5677800000000001,-0.56888,-0.568,-0.57038,-0.5654399999999999,-0.56457,-0.56116,-0.5572600000000001,-0.55356,-0.5382600000000001,-0.50797,-0.44206999999999996,-0.33441,-0.12485999999999998,0.092937,0.29661,0.5030399999999999,0.6570600000000001,0.77617,0.85601,0.9550799999999999,1.1015,1.2961,1.5035,1.7219,1.9031,2.0235,2.0411,2.0409,2.0521,2.0534,2.0363,2.0358,2.042,2.0322,2.0367,2.0371,2.037,2.0312,2.0341,2.0241,2.0245,2.0245,2.0274,2.0133,1.9501,1.84,1.6938,1.5297,1.3633,1.2152,1.0578,0.8684,0.64725,0.37503000000000003,0.09852799999999999,-0.12558,-0.38016,-0.54203,-0.6674899999999999,-0.7248100000000001,-0.73346,-0.72463,-0.69972,-0.6806399999999999,-0.66643,-0.65768,-0.64923,-0.64355,-0.63532,-0.6236,-0.60941,-0.58823,-0.56665,-0.5412399999999999,-0.5239,-0.5189,-0.5214300000000001,-0.52985,-0.5413,-0.5559,-0.57119,-0.58241,-0.58825,-0.59223,-0.5937899999999999,-0.59436,-0.59319,-0.59278,-0.5927,-0.59514,-0.5917899999999999,-0.5974,-0.59972,-0.60136,-0.60142,-0.60605,-0.606,-0.6115,-0.61665,-0.62145,-0.6259399999999999,-0.63273,-0.63336,-0.6390899999999999,-0.64068,-0.64404,-0.64388,-0.64574,-0.64646,-0.64646,-0.64558,-0.64241,-0.6433399999999999,-0.6368,-0.63172
-0.60216,-0.60572,-0.60892,-0.61244,-0.61359,-0.61938,-0.6208100000000001,-0.6219100000000001,-0.6217199999999999,-0.62002,-0.6201800000000001,-0.62027,-0.61878,-0.61554,-0.61602,-0.6121800000000001,-0.61497,-0.61442,-0.6139600000000001,-0.61482,-0.61565,-0.6173,-0.61611,-0.61668,-0.61485,-0.6176,-0.61828,-0.61659,-0.61732,-0.61761,-0.60155,-0.53399,-0.41862,-0.21163,0.041483,0.29123000000000004,0.5637800000000001,0.76226,0.91766,1.0536,1.162,1.2722,1.3871,1.5101,1.6259,1.7195,1.8102,1.8867,1.8929,1.8955,1.8989,1.8998,1.9098,1.9149,1.9171,1.9165,1.9182,1.9180000000000001,1.9268,1.9266,1.919,1.9108,1.9108,1.9007,1.8909,1.8577,1.7992,1.7287,1.6227,1.4849,1.3285,1.176,1.0279,0.8884799999999999,0.7776,0.69504,0.61459,0.52187,0.44071000000000005,0.32245,0.21563000000000002,0.088056,-0.062572,-0.19821,-0.35269,-0.46196000000000004,-0.56702,-0.65347,-0.72769,-0.78754,-0.81695,-0.82649,-0.8158,-0.8024899999999999,-0.79366,-0.78399,-0.76841,-0.75375,-0.73559,-0.7173,-0.71136,-0.70475,-0.69913,-0.6945399999999999,-0.69618,-0.6975100000000001,-0.6954199999999999,-0.69484,-0.6924100000000001,-0.6915399999999999,-0.69022,-0.68777,-0.68894,-0.6903100000000001,-0.69122,-0.6894899999999999,-0.6933199999999999,-0.6925100000000001,-0.6936100000000001,-0.69989,-0.69909,-0.7014600000000001,-0.70065,-0.69944,-0.70205,-0.70532,-0.70694,-0.70476,-0.7039,-0.70416,-0.70541,-0.7057399999999999,-0.70386,-0.70654,-0.71038,-0.71085
-1.2719,-1.2745,-1.2735,-1.2729,-1.2723,-1.2733,-1.2706,-1.2709,-1.2603,-1.2279,-1.1368,-0.99279,-0.78477,-0.52404,-0.26691,-0.0020194,0.23848000000000003,0.43791,0.5897100000000001,0.6897800000000001,0.75271,0.79338,0.8238,0.83847,0.85309,0.8556799999999999,0.8709100000000001,0.86795,0.88028,0.88264,0.88846,0.88713,0.8862,0.88276,0.8850100000000001,0.8869,0.8870600000000001,0.8861899999999999,0.8910100000000001,0.89186,0.89759,0.8912700000000001,0.8912,0.89285,0.8959600000000001,0.8931399999999999,0.89497,0.88776,0.8935200000000001,0.8933399999999999,0.8861399999999999,0.89426,0.8887700000000001,0.88959,0.88981,0.8881899999999999,0.89459,0.8941399999999999,0.89538,0.8957,0.8953399999999999,0.8952100000000001,0.8952100000000001,0.89335,0.8952700000000001,0.8940100000000001,0.8927200000000001,0.8894200000000001,0.8877700000000001,0.88969,0.8889100000000001,0.8829600000000001,0.8866700000000001,0.8836200000000001,0.8785,0.8703200000000001,0.8720899999999999,0.8692,0.8710600000000001,0.8692799999999999,0.8686299999999999,0.87105,0.8604700000000001,0.85921,0.8588,0.85661,0.85851,0.85331,0.8446600000000001,0.83773,0.8299799999999999,0.80838,0.79392,0.7813100000000001,0.74338,0.71615,0.6876800000000001,0.6482100000000001,0.59839,0.54562,0.45653999999999995,0.34802,0.20808000000000001,0.046721,-0.14428,-0.3482,-0.54508,-0.7512300000000001,-0.92855,-1.077,-1.2059,-1.3022,-1.3341,-1.355,-1.3638,-1.3623,-1.3517,-1.3231,-1.2908,-1.2586,-1.2384,-1.2239,-1.2209999999999999,-1.2266,-1.2412,-1.2496,-1.2601,-1.2692,-1.2745,-1.2790000000000001,-1.2801,-1.2813,-1.2813,-1.2806,-1.2802,-1.2799
-2.0155,-2.0164,-2.0178,-2.0176,-2.0187,-2.0198,-2.0197,-2.0218,-2.0136,-1.994,-1.9431,-1.8339,-1.6745,-1.47,-1.2115,-0.9429200000000001,-0.65061,-0.36605,-0.10396,0.10855,0.28601,0.41886,0.50447,0.55347,0.57498,0.57928,0.5797399999999999,0.57175,0.5555,0.55105,0.55214,0.55372,0.5526,0.5481699999999999,0.55301,0.568,0.55955,0.5673,0.57365,0.56915,0.57404,0.57445,0.57889,0.5808300000000001,0.57912,0.5894199999999999,0.57868,0.58211,0.5854,0.58575,0.58726,0.59396,0.59112,0.59296,0.5920300000000001,0.58703,0.5931,0.58705,0.59249,0.59235,0.58605,0.58449,0.58449,0.59024,0.5865600000000001,0.5816399999999999,0.5786,0.57498,0.57122,0.57931,0.57421,0.5741,0.5785,0.57724,0.57713,0.58134,0.56704,0.5754,0.56158,0.56501,0.56258,0.5616,0.56462,0.56197,0.5695600000000001,0.5605,0.56188,0.5626899999999999,0.56523,0.5603,0.55707,0.56035,0.55692,0.55392,0.55518,0.55769,0.5585600000000001,0.55887,0.5586300000000001,0.56289,0.56199,0.56509,0.56662,0.56753,0.56862,0.56709,0.573,0.57224,0.57957,0.5784600000000001,0.57999,0.57953,0.57709,0.5818300000000001,0.58175,0.58304,0.5775,0.58296,0.58194,0.56995,0.57525,0.57698,0.5636800000000001,0.54306,0.52759,0.4783,0.42696999999999996,0.36009,0.27434000000000003,0.1634,0.019592,-0.15011,-0.33386,-0.55148,-0.78247,-1.008
-1.0688,-1.067,-1.0712,-1.0325,-0.9802700000000001,-0.8668299999999999,-0.6893199999999999,-0.46243999999999996,-0.22464,0.031068000000000002,0.28465999999999997,0.5079899999999999,0.69933,0.84286,0.96499,1.0162,1.0705,1.0899,1.0867,1.0972,1.0909,1.083,1.0799,1.0782,1.0854,1.0877,1.0886,1.0889,1.0875,1.0879,1.0875,1.0858,1.0778,1.0773,1.0756,1.0773,1.071,1.0671,1.0648,1.07,1.0676,1.0707,1.067,1.0676,1.0676,1.0606,1.0601,1.0632,1.0599,1.0633,1.0605,1.0625,1.0586,1.0571,1.0576,1.0563,1.0529,1.054,1.06,1.0581,1.0547,1.0596,1.0596,1.0586,1.0595,1.0598,1.0555,1.0545,1.0554,1.033,1.0163,1.0170000000000001,0.99634,0.9733700000000001,0.9271,0.91038,0.8831200000000001,0.8295299999999999,0.7723399999999999,0.6923699999999999,0.60116,0.49813999999999997,0.3693,0.21616999999999997,0.053929,-0.12407,-0.29395,-0.44556,-0.60165,-0.7448,-0.85372,-0.9508,-1.0251,-1.0768,-1.107,-1.115,-1.1151,-1.1104,-1.0953,-1.0771,-1.0687,-1.0614,-1.054,-1.0526,-1.0526,-1.0475,-1.0477,-1.0468,-1.0454,-1.0467,-1.0454,-1.0457,-1.0435,-1.0437,-1.0445,-1.0437,-1.0458,-1.0458,-1.0461,-1.048,-1.0484,-1.0484,-1.0517,-1.0502,-1.0485,-1.0481,-1.0516,-1.0465,-1.0489,-1.0463,-1.0466,-1.038,-1.0376,-1.0334,-1.0315,-1.0302
-1.1722,-1.151,-1.1112,-1.0381,-0.9635799999999999,-0.8791899999999999,-0.81776,-0.77833,-0.76375,-0.7581600000000001,-0.7600600000000001,-0.74471,-0.72135,-0.70109,-0.68857,-0.6813,-0.67462,-0.6731,-0.67252,-0.6547,-0.6079899999999999,-0.54051,-0.41217,-0.2532,-0.09812799999999999,0.079075,0.22601999999999997,0.379,0.50076,0.628,0.73885,0.8542,0.94419,1.025,1.0879,1.1311,1.1609,1.1705,1.1872,1.1884,1.1893,1.1937,1.2015,1.2024,1.2009,1.199,1.2022,1.1991,1.1992,1.2007,1.1984,1.2002,1.1974,1.1972,1.1973,1.1948,1.1926,1.1914,1.1898,1.1863,1.1923,1.1894,1.1894,1.1914,1.1917,1.1896,1.1881,1.1909999999999998,1.1917,1.1914,1.1959,1.1929,1.1937,1.185,1.1886,1.1872,1.1825,1.181,1.1789,1.1728,1.1659,1.1553,1.1236,1.0979,1.0542,0.9883799999999999,0.90653,0.81815,0.7086600000000001,0.5979300000000001,0.48555,0.37193000000000004,0.25358,0.14504,0.030856,-0.07891000000000001,-0.17755,-0.28434,-0.37343000000000004,-0.47522,-0.55537,-0.63135,-0.69797,-0.75798,-0.7910699999999999,-0.81301,-0.82609,-0.8350700000000001,-0.83829,-0.8320299999999999,-0.8294,-0.8238700000000001,-0.82324,-0.8209,-0.8196,-0.82809,-0.83646,-0.84388,-0.85982,-0.88116,-0.90654,-0.93195,-0.96394,-1.0157,-1.0819,-1.1516,-1.2256,-1.2957,-1.3274,-1.3271,-1.3004,-1.2711,-1.2673,-1.265,-1.2707,-1.2621
-0.7287600000000001,-0.6748,-0.62752,-0.59122,-0.56506,-0.5695899999999999,-0.58967,-0.61997,-0.64917,-0.65672,-0.63746,-0.62917,-0.60847,-0.59059,-0.57311,-0.5606300000000001,-0.54588,-0.52481,-0.51676,-0.49795,-0.46908999999999995,-0.42131,-0.36012,-0.25386,-0.12858,0.011865,0.17612,0.36596999999999996,0.53559,0.69775,0.83352,0.95985,1.0656,1.1512,1.2279,1.294,1.3455,1.3989,1.396,1.4032,1.4179,1.4269,1.4274,1.4273,1.4441,1.4504,1.4376,1.4381,1.4348,1.4099,1.4179,1.4118,1.4077,1.4165,1.4144,1.4115,1.4034,1.4086,1.4140000000000001,1.4105,1.4145,1.4157,1.4157,1.4187,1.3991,1.4073,1.4032,1.3981,1.4072,1.3993,1.3929,1.4059,1.3869,1.3468,1.2757,1.2266,1.1159999999999999,0.99977,0.85855,0.7046399999999999,0.5548,0.39686,0.22282,0.075053,-0.08004,-0.2145,-0.3395,-0.45933999999999997,-0.54877,-0.61674,-0.6563100000000001,-0.67351,-0.67816,-0.69404,-0.6864899999999999,-0.6995100000000001,-0.69681,-0.69533,-0.6946100000000001,-0.691,-0.69272,-0.69953,-0.70929,-0.72548,-0.7359100000000001,-0.7458100000000001,-0.76772,-0.80448,-0.8552299999999999,-0.9544100000000001,-1.0596,-1.1213,-1.1392,-1.1425,-1.1346,-1.1257,-1.1161,-1.1042,-1.0889,-1.0786,-1.0648,-1.0556,-1.044,-1.0378,-1.032,-1.0278,-1.0272,-1.0281,-1.0216,-1.0212,-1.0248,-1.0217,-1.0229,-1.0214,-1.0223,-1.023
-1.1152,-1.1038,-1.0831,-1.0426,-0.9824700000000001,-0.91974,-0.84521,-0.79145,-0.76141,-0.72941,-0.72387,-0.7058800000000001,-0.69314,-0.68501,-0.68457,-0.6786300000000001,-0.66767,-0.65583,-0.6552899999999999,-0.65669,-0.65659,-0.65475,-0.64139,-0.59044,-0.46684,-0.32609,-0.14215999999999998,0.052405999999999994,0.22182,0.39088,0.53988,0.67464,0.7983100000000001,0.9051899999999999,0.99472,1.0832,1.1540000000000001,1.1977,1.2076,1.2211,1.2213,1.2153,1.2155,1.2149,1.2304,1.2205,1.2235,1.2207,1.2204,1.2141,1.22,1.2117,1.2125,1.2063,1.2075,1.1998,1.2058,1.2067,1.2082,1.2074,1.2083,1.2081,1.2081,1.2023,1.1977,1.1951,1.1965,1.1988,1.1992,1.2011,1.1964,1.2032,1.2014,1.2028,1.2001,1.2017,1.199,1.2054,1.1975,1.198,1.1856,1.1794,1.1645,1.1566,1.1362,1.0908,1.0346,0.9814700000000001,0.8957200000000001,0.78659,0.67738,0.5441699999999999,0.40119,0.2663,0.12415999999999999,-0.023849000000000002,-0.15549000000000002,-0.2982,-0.41902,-0.53528,-0.62644,-0.7088800000000001,-0.7692899999999999,-0.8015100000000001,-0.82536,-0.8349,-0.83305,-0.8330200000000001,-0.8342299999999999,-0.83426,-0.83645,-0.8464799999999999,-0.84936,-0.84856,-0.84831,-0.8518899999999999,-0.85635,-0.86119,-0.8770399999999999,-0.90399,-0.9706,-1.0553,-1.1505,-1.2019,-1.22,-1.2165,-1.1861,-1.155,-1.1302,-1.1188,-1.1221,-1.1241,-1.1202,-1.1118,-1.1036,-1.104
-1.3261,-1.3106,-1.2953,-1.2951,-1.3033,-1.2952,-1.258,-1.2085,-1.124,-1.0271,-0.9402299999999999,-0.87455,-0.84678,-0.8269,-0.8205600000000001,-0.81771,-0.81408,-0.82173,-0.82091,-0.81285,-0.7964399999999999,-0.7964399999999999,-0.79057,-0.7782399999999999,-0.75893,-0.73822,-0.70885,-0.66099,-0.54909,-0.41135,-0.25337,-0.07560900000000001,0.093548,0.25984,0.39634,0.51988,0.62246,0.72777,0.81215,0.88951,0.94545,0.99467,1.0288,1.067,1.0824,1.0884,1.0979,1.0985,1.0942,1.0927,1.1085,1.1042,1.1021,1.0997,1.0985,1.0968,1.0976,1.0967,1.0955,1.0913,1.0865,1.0845,1.0845,1.0858,1.0838,1.0792,1.0849,1.0818,1.083,1.0856,1.0829,1.0858,1.0862,1.0808,1.0823,1.0795,1.0837,1.0825,1.0819,1.0802,1.0784,1.0746,1.0745,1.0769,1.0755,1.0783,1.0788,1.0744,1.078,1.0735,1.0709,1.0714,1.0683,1.0621,1.0565,1.0376,1.0192,0.9910700000000001,0.9397200000000001,0.86474,0.78117,0.6766300000000001,0.56888,0.44714,0.31927,0.19493,0.06929,-0.06372799999999999,-0.19080999999999998,-0.31212,-0.45578,-0.59113,-0.71416,-0.81677,-0.8900100000000001,-0.94263,-0.9844200000000001,-1.001,-1.0048,-1.0066,-1.0029,-0.99824,-0.99206,-0.99077,-0.9917799999999999,-0.9875200000000001,-0.9911700000000001,-0.9955200000000001,-0.99656,-0.99844,-1.0019,-1.0072,-1.0129,-1.0213,-1.0292,-1.0447
-1.1629,-1.1621,-1.161,-1.1555,-1.1314,-1.0869,-1.005,-0.8858,-0.78188,-0.71822,-0.67515,-0.6665,-0.66779,-0.66301,-0.6533800000000001,-0.64623,-0.63746,-0.6189,-0.59111,-0.55169,-0.5292,-0.4869,-0.38385,-0.22361999999999999,-0.040889999999999996,0.10514000000000001,0.29375999999999997,0.5091600000000001,0.62841,0.72149,0.81161,0.91876,1.01,1.081,1.1469,1.1673,1.1965,1.2095,1.2141,1.2086,1.2056,1.1996,1.2056,1.1983,1.2023,1.1987,1.1943,1.2072,1.2017,1.1917,1.193,1.195,1.1918,1.1881,1.1842,1.1907,1.1876,1.1933,1.1946,1.1836,1.1906,1.1733,1.1733,1.1744,1.1884,1.1959,1.1785,1.1917,1.1841,1.1808,1.1863,1.1848,1.1958,1.1914,1.1817,1.1843,1.1702,1.1775,1.1539,1.1554,1.1439,1.1241,1.1135,1.0756,1.0245,0.95841,0.88975,0.80113,0.68286,0.55748,0.44181000000000004,0.30816,0.19995,0.062054,-0.078776,-0.20979,-0.33582,-0.46642,-0.53978,-0.61456,-0.68148,-0.73038,-0.7749699999999999,-0.8036399999999999,-0.80893,-0.81515,-0.8199299999999999,-0.82486,-0.82537,-0.8206899999999999,-0.8201,-0.8310799999999999,-0.82478,-0.8231299999999999,-0.83068,-0.8406,-0.84655,-0.85445,-0.85596,-0.87026,-0.88133,-0.8929799999999999,-0.9096799999999999,-0.92429,-0.9636600000000001,-1.0145,-1.091,-1.1654,-1.2729,-1.3435,-1.3377,-1.3365,-1.2841,-1.207,-1.1221,-1.0822
-0.57233,-0.57126,-0.56686,-0.56655,-0.56238,-0.5623199999999999,-0.56109,-0.56225,-0.56121,-0.56103,-0.56126,-0.5647,-0.56771,-0.5754600000000001,-0.58215,-0.58791,-0.59477,-0.60212,-0.60924,-0.6135,-0.61131,-0.61516,-0.6129899999999999,-0.61363,-0.61023,-0.60687,-0.59831,-0.58668,-0.57709,-0.5653600000000001,-0.55586,-0.54901,-0.5392,-0.5332899999999999,-0.5288,-0.51145,-0.49628,-0.47031000000000006,-0.43496999999999997,-0.36743000000000003,-0.29702,-0.23969000000000001,0.06957999999999999,0.25768,0.43618,0.57948,0.7313,0.90601,1.1171,1.3602,1.6123,1.7955,1.8947,1.9255,1.9508,1.9576,1.9752,1.9944,1.999,2.0095,2.0169,2.0169,2.0169,2.02,2.0228,2.0267,2.0298,2.0268,2.0232,2.0187,2.0114,1.9897,1.9277,1.8376,1.6944,1.5212,1.3611,1.2183,1.0752,0.95557,0.83104,0.6886899999999999,0.52236,0.49685,0.30739,0.033138,-0.18204,-0.33481,-0.47058999999999995,-0.61725,-0.73227,-0.8094399999999999,-0.85854,-0.8703200000000001,-0.86165,-0.8388100000000001,-0.8093899999999999,-0.79222,-0.77832,-0.7598199999999999,-0.74043,-0.71732,-0.6935399999999999,-0.67625,-0.66151,-0.64793,-0.6419,-0.63702,-0.63379,-0.6321399999999999,-0.62507,-0.62084,-0.61382,-0.6043,-0.59542,-0.58973,-0.58362,-0.5758300000000001,-0.57109,-0.56928,-0.56997,-0.57433,-0.5804199999999999,-0.59036,-0.59354,-0.59619,-0.5967600000000001,-0.59451,-0.5956,-0.60355,-0.61221,-0.62352,-0.62531,-0.62541,-0.6147,-0.60478
-1.1577,-1.1372,-1.0873,-1.0076,-0.9227299999999999,-0.83391,-0.77351,-0.75743,-0.74978,-0.7408100000000001,-0.74768,-0.74807,-0.74087,-0.7363,-0.73648,-0.73697,-0.7327199999999999,-0.72451,-0.71322,-0.70734,-0.69868,-0.69435,-0.6693899999999999,-0.6158399999999999,-0.50646,-0.36608,-0.22283000000000003,-0.047168,0.1419,0.29323,0.42328999999999994,0.55716,0.68035,0.78691,0.8942200000000001,0.97334,1.0395,1.0935,1.1428,1.1796,1.2073,1.213,1.2158,1.2299,1.2299,1.2338,1.2341,1.2427,1.2579,1.2583,1.2487,1.2571,1.2516,1.2525,1.2576,1.2408,1.2475,1.2464,1.245,1.2468,1.2526,1.2384,1.2384,1.2441,1.2349,1.2412,1.235,1.2393,1.2369,1.2252,1.2236,1.2212,1.2271,1.2229999999999999,1.2367,1.2328,1.2265,1.2274,1.2269,1.2171,1.2092,1.2075,1.1895,1.1762,1.1432,1.1067,1.0547,0.98044,0.89041,0.77871,0.6581899999999999,0.50315,0.34939000000000003,0.18367,0.043842,-0.090519,-0.21244000000000002,-0.33155,-0.44732,-0.54271,-0.6227,-0.6862699999999999,-0.72709,-0.76162,-0.7791399999999999,-0.7904100000000001,-0.79569,-0.79752,-0.799,-0.79718,-0.80404,-0.8125,-0.8194299999999999,-0.82027,-0.82311,-0.8228700000000001,-0.81811,-0.81731,-0.82755,-0.8464200000000001,-0.86898,-0.9045700000000001,-0.9558200000000001,-1.0169,-1.073,-1.1026,-1.1276,-1.1367,-1.1378,-1.1325,-1.1294,-1.1282,-1.1282,-1.1258,-1.1214,-1.1162
-0.7850199999999999,-0.7829699999999999,-0.7831600000000001,-0.7823399999999999,-0.78088,-0.78217,-0.78196,-0.7817,-0.78208,-0.7809699999999999,-0.78099,-0.78023,-0.7786,-0.77832,-0.77788,-0.77699,-0.77482,-0.7713,-0.77107,-0.76883,-0.76742,-0.76502,-0.7649199999999999,-0.76463,-0.7658699999999999,-0.76713,-0.76625,-0.7661600000000001,-0.76515,-0.7628,-0.74195,-0.69935,-0.62624,-0.5052399999999999,-0.32708000000000004,-0.11366,0.19685,0.4242,0.52174,0.62445,0.7288100000000001,0.81901,0.92222,1.0505,1.1911,1.3404,1.4483,1.5144,1.5423,1.545,1.5557,1.5653,1.5797,1.5897,1.6027,1.6195,1.6185,1.6263,1.6264,1.6284,1.6339,1.6298,1.6298,1.6337,1.6289,1.6348,1.633,1.6369,1.6371,1.6326,1.6323,1.6324,1.6312,1.6338,1.6256,1.6144,1.5819999999999999,1.5364,1.4594,1.345,1.2074,1.0773,0.95025,0.8302799999999999,0.71373,0.6038600000000001,0.48386,0.35893,0.19247999999999998,0.030208999999999996,-0.13452999999999998,-0.29255,-0.43855,-0.5693199999999999,-0.68121,-0.7493,-0.77278,-0.77131,-0.7558699999999999,-0.72911,-0.7149800000000001,-0.7116100000000001,-0.71302,-0.71854,-0.72163,-0.71942,-0.71332,-0.7017800000000001,-0.68486,-0.6782199999999999,-0.6761,-0.6795399999999999,-0.68411,-0.68905,-0.6945899999999999,-0.69634,-0.6983199999999999,-0.70044,-0.7051,-0.70626,-0.70581,-0.70581,-0.70582,-0.7035399999999999,-0.6998300000000001,-0.6956399999999999,-0.69519,-0.69528,-0.69066,-0.69011,-0.6857,-0.68078,-0.67676,-0.67325,-0.6684399999999999,-0.6633
-0.62271,-0.62456,-0.62489,-0.6265,-0.6266,-0.62616,-0.62876,-0.62932,-0.62821,-0.63079,-0.63184,-0.63218,-0.63371,-0.63555,-0.63864,-0.63845,-0.64012,-0.64176,-0.64442,-0.64367,-0.64455,-0.64367,-0.64404,-0.6452600000000001,-0.64355,-0.6423800000000001,-0.64215,-0.64103,-0.6401600000000001,-0.64045,-0.64157,-0.64107,-0.6273,-0.59253,-0.55542,-0.5138,-0.44773999999999997,-0.41371,-0.31266,-0.20407,0.13645,0.25187,0.33405,0.43001999999999996,0.54887,0.7186,0.92958,1.1337,1.3698,1.5082,1.6784,1.743,1.7981,1.8108,1.8369,1.8422,1.8472,1.8485,1.8533,1.8514,1.8619,1.8624,1.8624,1.8623,1.8671,1.8681,1.8648,1.865,1.8649,1.8611,1.8530000000000002,1.8431,1.8364,1.8199,1.7915,1.734,1.6414,1.5033,1.3426,1.1793,1.0189,0.8769299999999999,0.74743,0.58685,0.5562600000000001,0.29661,0.26469000000000004,0.0063638,-0.29055,-0.43168999999999996,-0.5907,-0.74768,-0.8637600000000001,-0.92561,-0.9479,-0.95004,-0.9442200000000001,-0.93506,-0.91553,-0.89294,-0.86113,-0.8283799999999999,-0.79676,-0.76556,-0.74112,-0.71565,-0.69535,-0.67274,-0.65368,-0.6341600000000001,-0.6207600000000001,-0.60941,-0.6049100000000001,-0.60453,-0.60378,-0.60292,-0.60275,-0.59817,-0.5898899999999999,-0.58124,-0.57272,-0.57015,-0.56896,-0.57004,-0.57422,-0.57935,-0.58621,-0.59536,-0.59882,-0.60396,-0.60992,-0.61539,-0.6240100000000001,-0.6288600000000001,-0.6401,-0.65075
-1.0508,-1.0479,-1.0335,-0.98792,-0.93006,-0.8794200000000001,-0.85649,-0.8398399999999999,-0.83949,-0.84849,-0.8403299999999999,-0.80043,-0.78613,-0.7699199999999999,-0.7592300000000001,-0.74663,-0.73598,-0.7300399999999999,-0.71875,-0.70785,-0.68208,-0.63057,-0.54237,-0.42307,-0.2696,-0.093154,0.065187,0.21466,0.34159,0.45233,0.56686,0.66735,0.78461,0.88933,0.99298,1.0717,1.1369,1.1962,1.2041,1.2196,1.2137,1.2251,1.2294,1.2381,1.2368,1.2368,1.2317,1.2359,1.2405,1.2369,1.237,1.2362,1.2358,1.2369,1.2382,1.2388,1.2363,1.2388,1.2402,1.2393,1.2391,1.2444,1.2444,1.2468,1.2487,1.2472,1.2485,1.2518,1.2532,1.2529,1.2543,1.2565,1.2636,1.2633,1.2634,1.2649,1.2679,1.27,1.275,1.27,1.2636,1.2609,1.2501,1.2037,1.1467,1.043,0.9221299999999999,0.7861,0.63598,0.49741,0.36907,0.18433,0.057846,-0.1004,-0.22179000000000001,-0.35661,-0.47193,-0.5604600000000001,-0.6542399999999999,-0.73548,-0.76984,-0.7944,-0.80557,-0.8084600000000001,-0.8127800000000001,-0.81616,-0.81608,-0.81513,-0.80658,-0.81406,-0.8043100000000001,-0.80596,-0.8052,-0.81695,-0.81043,-0.8202,-0.83454,-0.85716,-0.89056,-0.97205,-1.0434,-1.124,-1.1716,-1.1695,-1.1429,-1.1074,-1.0826,-1.0715,-1.0636,-1.067,-1.0713,-1.0681,-1.069,-1.0692,-1.0666,-1.0648
-1.0859999999999999,-1.0869,-1.0855,-1.0851,-1.0737,-1.0134,-0.91002,-0.74088,-0.51712,-0.2857,-0.031373000000000005,0.201,0.42391999999999996,0.61675,0.7559999999999999,0.8428399999999999,0.9131,0.9597600000000001,0.9875799999999999,1.0065,1.0151,1.0057,1.0203,1.015,1.0141,1.0148,1.0205,1.021,1.0253,1.0272,1.0271,1.0305,1.0319,1.0286,1.0321,1.025,1.0238,1.0215,1.0197,0.99316,0.9973200000000001,1.0027,1.0014,0.99897,0.9963299999999999,0.99775,0.9991700000000001,1.0002,1.0001,0.9953200000000001,1.0032,0.9990000000000001,0.99461,0.9944200000000001,0.99592,0.99141,0.9893299999999999,0.9886299999999999,0.9908,0.98982,0.9880899999999999,0.9932799999999999,0.9932799999999999,0.9895299999999999,0.99434,0.98739,0.9946200000000001,0.99011,0.99821,0.9971899999999999,0.9918899999999999,0.9948100000000001,0.9973700000000001,1.0041,1.0048,0.99924,0.9961700000000001,1.0001,0.98257,0.9702200000000001,0.9420700000000001,0.8824,0.8298200000000001,0.75151,0.66918,0.57087,0.45074,0.31986,0.18438,0.037337999999999996,-0.11507,-0.26035,-0.40510999999999997,-0.54504,-0.67785,-0.80048,-0.9133600000000001,-1.0056,-1.1006,-1.1572,-1.1867,-1.1969,-1.1971,-1.1914,-1.1806,-1.1698,-1.1508,-1.1503,-1.1457,-1.1453,-1.1405,-1.1435,-1.1397,-1.1417,-1.1422,-1.1428,-1.1417,-1.1421,-1.1434,-1.1441,-1.1444,-1.1449,-1.1467,-1.1452,-1.1451,-1.1447,-1.1472,-1.146,-1.1459,-1.1472,-1.146,-1.1485,-1.1496,-1.1483,-1.1498,-1.1483
-0.8325899999999999,-0.83337,-0.83342,-0.83293,-0.8342200000000001,-0.8336399999999999,-0.83525,-0.8344299999999999,-0.8350799999999999,-0.8327,-0.8333799999999999,-0.8347600000000001,-0.83299,-0.8336100000000001,-0.83299,-0.83278,-0.83196,-0.83194,-0.8313299999999999,-0.81771,-0.7710199999999999,-0.7136600000000001,-0.6785,-0.6651,-0.65935,-0.66288,-0.6644,-0.66569,-0.65705,-0.6497,-0.6379600000000001,-0.61793,-0.6038899999999999,-0.57922,-0.5589999999999999,-0.5293,-0.50162,-0.45716,-0.3452,-0.19624,0.044502999999999994,0.17562,0.34768000000000004,0.52349,0.7299399999999999,0.9343100000000001,1.1218,1.2989,1.4025,1.4645,1.4701,1.4905,1.4962,1.5067,1.5219,1.5256,1.5319,1.5326,1.5345,1.5348,1.5379,1.5357,1.5357,1.5379,1.5374,1.5395,1.5364,1.5363,1.5359,1.5355,1.5319,1.5272,1.5137,1.5052,1.4967,1.4954,1.4938,1.4865,1.4911,1.4981,1.5011,1.5071,1.4974,1.4911,1.4779,1.4313,1.3318,1.2047,1.038,0.8493299999999999,0.64481,0.49317,0.30263,0.15305,0.015734,-0.13416,-0.26550999999999997,-0.36751,-0.4356,-0.50137,-0.54113,-0.57889,-0.59572,-0.61348,-0.62759,-0.63125,-0.6354,-0.6307,-0.61924,-0.60631,-0.60217,-0.5987600000000001,-0.60109,-0.60928,-0.63639,-0.66563,-0.71135,-0.75855,-0.80635,-0.8412700000000001,-0.8656,-0.87882,-0.88292,-0.8851100000000001,-0.88413,-0.8831100000000001,-0.8837700000000001,-0.8819600000000001,-0.8718,-0.8616299999999999,-0.84588,-0.8372700000000001,-0.81918,-0.81286,-0.8051,-0.80261
-0.87241,-0.9792799999999999,-1.0773,-1.1414,-1.1637,-1.1636,-1.1442,-1.1226,-1.1182,-1.1178,-1.0903,-1.015,-0.91151,-0.7912600000000001,-0.7230800000000001,-0.67189,-0.6514300000000001,-0.64507,-0.64255,-0.61703,-0.60229,-0.58411,-0.55503,-0.51242,-0.40242,-0.21081999999999998,-0.012577,0.21169000000000002,0.43363,0.60653,0.75879,0.87469,0.9828899999999999,1.0704,1.1443,1.1987,1.2482,1.2811,1.3009,1.3090000000000002,1.3136,1.3176,1.3214,1.3241,1.3216,1.3269,1.3279,1.3306,1.3375,1.3364,1.3348,1.3341,1.3332,1.3341,1.3345,1.3355,1.3322,1.3327,1.3252,1.3265,1.3242,1.3269,1.3269,1.3224,1.3212,1.3149,1.3106,1.3090000000000002,1.3031,1.3027,1.2973,1.288,1.2783,1.2626,1.2469,1.2288,1.2055,1.1808,1.1478,1.1063,1.0511,0.9843799999999999,0.91464,0.82226,0.72944,0.62338,0.4986,0.38034,0.25588,0.12775,-0.0096047,-0.1385,-0.26492,-0.39341,-0.5053300000000001,-0.61183,-0.68611,-0.74229,-0.7936,-0.8185399999999999,-0.83081,-0.8355299999999999,-0.8373799999999999,-0.83742,-0.83701,-0.8427399999999999,-0.8493,-0.85962,-0.8669100000000001,-0.87126,-0.8773299999999999,-0.87887,-0.8746799999999999,-0.8723299999999999,-0.87529,-0.8864,-0.90984,-0.9446399999999999,-0.9866,-1.0203,-1.0532,-1.0707,-1.079,-1.0801,-1.0747,-1.0663,-1.0476,-1.0252,-1.0148,-1.0065,-1.003,-1.0009,-1.001,-0.99739,-0.99621,-0.99484
-1.1119,-1.1119,-1.1089,-1.1005,-1.0888,-1.0638,-1.0178,-0.9276200000000001,-0.8432299999999999,-0.76131,-0.71835,-0.68916,-0.68494,-0.69102,-0.6693100000000001,-0.65242,-0.6395,-0.6362300000000001,-0.62865,-0.6210399999999999,-0.61021,-0.59535,-0.5542600000000001,-0.48963999999999996,-0.36332,-0.22130999999999998,-0.066476,0.15239,0.2936,0.43845,0.5625100000000001,0.6827,0.81587,0.90986,1.0136,1.107,1.1524,1.166,1.2042,1.2276,1.2355,1.2261,1.2201,1.2296,1.2195,1.2274,1.2147,1.2156,1.2165,1.2141,1.215,1.2106,1.2118,1.2115,1.2121,1.2084,1.2081,1.2103,1.2023,1.2021,1.2045,1.2079,1.2079,1.2028,1.2113,1.2127,1.2105,1.2116,1.2169,1.2068,1.2038,1.1986,1.2019,1.1955,1.1945,1.1926,1.2042,1.1986,1.1923,1.1939,1.1987,1.1875,1.1739,1.1558,1.1495,1.072,1.0186,0.93863,0.83381,0.72301,0.5795,0.44995,0.30744,0.16806,0.0205,-0.13597,-0.27403,-0.36988000000000004,-0.49901,-0.55671,-0.6139899999999999,-0.6683,-0.7065600000000001,-0.73995,-0.76508,-0.78058,-0.78341,-0.79528,-0.80542,-0.80995,-0.8154399999999999,-0.81614,-0.82111,-0.82462,-0.82524,-0.8264,-0.8303,-0.8387700000000001,-0.8481299999999999,-0.8583700000000001,-0.8739,-0.8858,-0.9067700000000001,-0.91646,-0.9402799999999999,-0.97769,-1.0326,-1.1127,-1.1823,-1.252,-1.3195,-1.3293,-1.3349,-1.2993,-1.2469,-1.2139
-1.7194,-1.7167,-1.7173,-1.7152,-1.7166,-1.7173,-1.7173,-1.7180000000000002,-1.7155,-1.7024,-1.6512,-1.5497,-1.3766,-1.1608,-0.8859299999999999,-0.60558,-0.32689,-0.049083999999999996,0.1723,0.34968,0.46485,0.5502100000000001,0.5991,0.63059,0.65392,0.66105,0.66393,0.6783600000000001,0.68658,0.6834399999999999,0.6915600000000001,0.6896100000000001,0.68888,0.69496,0.69499,0.70006,0.6976399999999999,0.70048,0.6964600000000001,0.6936899999999999,0.69214,0.68847,0.6952699999999999,0.69086,0.6835100000000001,0.6815100000000001,0.6837300000000001,0.68405,0.6807,0.6792,0.67867,0.67887,0.68342,0.6794899999999999,0.68277,0.6743399999999999,0.67384,0.6734100000000001,0.6733399999999999,0.6702600000000001,0.6686,0.6714899999999999,0.6714899999999999,0.66867,0.66702,0.66733,0.6684100000000001,0.6644800000000001,0.66159,0.66667,0.6646,0.6595300000000001,0.66473,0.66275,0.65874,0.6574300000000001,0.6550199999999999,0.65593,0.66232,0.65593,0.65463,0.6559999999999999,0.65374,0.65125,0.6573899999999999,0.65491,0.65172,0.65478,0.65237,0.6494,0.65188,0.65033,0.6513800000000001,0.6461,0.64583,0.6454,0.64815,0.65471,0.64625,0.6391,0.6419199999999999,0.64417,0.6391,0.64146,0.6350600000000001,0.63297,0.6433,0.62331,0.63045,0.61859,0.6136699999999999,0.59909,0.57338,0.55233,0.54069,0.52387,0.48915,0.4531,0.41488,0.35543,0.26098000000000005,0.14547000000000002,0.011704,-0.16099000000000002,-0.36496,-0.5787,-0.81571,-1.0514,-1.2758,-1.47,-1.6398,-1.7574,-1.8261,-1.8703,-1.8945,-1.8986
-0.70937,-0.70817,-0.70987,-0.7098899999999999,-0.70986,-0.7090000000000001,-0.70844,-0.70703,-0.70681,-0.70535,-0.70403,-0.7018,-0.7007,-0.70106,-0.6995399999999999,-0.69811,-0.6956,-0.67715,-0.63757,-0.5948899999999999,-0.5671,-0.5586800000000001,-0.55952,-0.5727899999999999,-0.58321,-0.58846,-0.5737399999999999,-0.54174,-0.50702,-0.48361000000000004,-0.46371999999999997,-0.43993999999999994,-0.40768000000000004,-0.34312,-0.27228,-0.1779,0.025911,0.23405,0.44017,0.6663899999999999,0.90966,1.1576,1.3854,1.5877,1.7466,1.8595,1.9579,2.0131,2.0316,2.0326,2.0380000000000003,2.0409,2.0411,2.0431,2.0431,2.0488,2.0436,2.0447,2.0474,2.0419,2.0346,2.0296,2.0296,2.0211,1.9921,1.9397,1.868,1.7393,1.5736,1.4247,1.2329999999999999,1.0574,0.8811399999999999,0.70939,0.53652,0.38331,0.23167,0.081541,-0.036605,-0.1648,-0.25659,-0.34733,-0.41100000000000003,-0.46913,-0.50868,-0.52373,-0.53318,-0.5392600000000001,-0.5395800000000001,-0.53374,-0.52764,-0.52054,-0.51034,-0.5032,-0.49375,-0.49107,-0.48368999999999995,-0.47735,-0.47311000000000003,-0.46621,-0.45782,-0.45395,-0.46546000000000004,-0.47986999999999996,-0.5092399999999999,-0.5463,-0.59242,-0.63284,-0.65722,-0.65986,-0.65878,-0.65561,-0.65077,-0.6518,-0.6530699999999999,-0.65379,-0.64976,-0.6389199999999999,-0.62468,-0.61342,-0.59415,-0.57572,-0.56506,-0.5564,-0.55171,-0.5516399999999999,-0.55281,-0.5581699999999999,-0.56205,-0.5674100000000001,-0.5692699999999999,-0.57243,-0.5717300000000001,-0.57044,-0.56901,-0.56639
-0.98013,-0.97982,-0.97346,-0.9529200000000001,-0.88944,-0.77453,-0.60817,-0.37501,-0.10934,0.16657,0.42762,0.67616,0.8710600000000001,1.0223,1.1267,1.1937,1.244,1.2496,1.2475,1.2405,1.2293,1.2224,1.2198,1.2218,1.2177,1.2229999999999999,1.2259,1.2204,1.2223,1.227,1.2239,1.2243,1.2134,1.2104,1.2063,1.205,1.2044,1.2026,1.2044,1.2019,1.2044,1.2012,1.2016,1.1979,1.1936,1.1933,1.1927,1.1889,1.1905,1.1908,1.1831,1.1829,1.1865,1.1869,1.1837,1.1813,1.1854,1.1837,1.1753,1.1583,1.1411,1.1227,1.1227,1.0778,1.0537,1.01,0.9822799999999999,0.94434,0.9192799999999999,0.8711200000000001,0.81542,0.75943,0.68497,0.57215,0.44572,0.29918,0.13162000000000001,-0.053015999999999994,-0.22823000000000002,-0.40431,-0.56276,-0.7097899999999999,-0.8288,-0.93042,-0.99406,-1.0264,-1.0362,-1.0352,-1.0294,-1.0069,-0.98836,-0.96341,-0.94875,-0.9318,-0.9201299999999999,-0.9150799999999999,-0.91558,-0.915,-0.91179,-0.9106200000000001,-0.91012,-0.90953,-0.90955,-0.9083399999999999,-0.90979,-0.90945,-0.9089700000000001,-0.90755,-0.9101299999999999,-0.91054,-0.91084,-0.9116700000000001,-0.91306,-0.9131799999999999,-0.9140299999999999,-0.91559,-0.9167,-0.91927,-0.9173600000000001,-0.92169,-0.9209200000000001,-0.92155,-0.9224,-0.9218799999999999,-0.92127,-0.92306,-0.9228299999999999,-0.9247299999999999,-0.9227299999999999,-0.92424,-0.92394,-0.92379,-0.9241,-0.92542,-0.9265700000000001,-0.9299799999999999
-1.0527,-1.0528,-1.0517,-1.0281,-0.9806299999999999,-0.9229700000000001,-0.8556600000000001,-0.8055,-0.77085,-0.7529399999999999,-0.74631,-0.74578,-0.74715,-0.74288,-0.73375,-0.72027,-0.71948,-0.72168,-0.72167,-0.69434,-0.64217,-0.55371,-0.40379,-0.24915,-0.07121799999999999,0.10414000000000001,0.25051999999999996,0.39613000000000004,0.5276,0.66179,0.79183,0.9029799999999999,0.99771,1.0748,1.1414,1.1848,1.1971,1.2048,1.2087,1.2176,1.2239,1.2279,1.2334,1.2308,1.2261,1.2273,1.2279,1.2263,1.2256,1.2199,1.2199,1.2147,1.2009999999999998,1.2047,1.2059,1.2058,1.2049,1.2012,1.1967,1.1986,1.1948,1.1925,1.1925,1.1938,1.1942,1.1925,1.1901,1.1916,1.1924,1.1873,1.1868,1.1874,1.1894,1.1898,1.1895,1.1877,1.1851,1.1836,1.1818,1.178,1.171,1.1687,1.1477,1.1154,1.0604,0.99316,0.9093600000000001,0.80898,0.68971,0.56096,0.41968,0.28041,0.15048,0.0065558000000000005,-0.12883,-0.25551,-0.38247,-0.50007,-0.6049,-0.69922,-0.76277,-0.81263,-0.84514,-0.8573299999999999,-0.86261,-0.86511,-0.8656799999999999,-0.8682200000000001,-0.86659,-0.86287,-0.85841,-0.8582,-0.8627100000000001,-0.8670899999999999,-0.86819,-0.86879,-0.8711399999999999,-0.8708600000000001,-0.8750100000000001,-0.8854,-0.9142100000000001,-0.9619,-1.045,-1.1434,-1.2393,-1.2782,-1.2698,-1.2392,-1.2005,-1.1709,-1.1581,-1.1531,-1.1542,-1.1546,-1.1501,-1.145
-1.0691,-1.0444,-1.0076,-0.95439,-0.8878,-0.8216899999999999,-0.77999,-0.7572300000000001,-0.75367,-0.74953,-0.75025,-0.73625,-0.72604,-0.72451,-0.71696,-0.70818,-0.69731,-0.69117,-0.69003,-0.6824600000000001,-0.6776,-0.65862,-0.5988399999999999,-0.4776,-0.33316999999999997,-0.1665,0.0084428,0.16844,0.33074000000000003,0.48827,0.61585,0.73695,0.8520700000000001,0.94206,1.0419,1.1127,1.1812,1.2045,1.2162,1.2218,1.2229999999999999,1.2309,1.235,1.2387,1.2281,1.2235,1.2226,1.2216,1.2315,1.2279,1.2315,1.2212,1.2191,1.2264,1.2255,1.2218,1.2257,1.2219,1.2156,1.2128,1.2174,1.2268,1.2268,1.2339,1.2302,1.2354,1.2412,1.242,1.2352,1.2409999999999999,1.2446,1.2514,1.2413,1.2355,1.2378,1.2388,1.2406,1.2264,1.2197,1.2149,1.2054,1.1875,1.1520000000000001,1.1232,1.083,1.0201,0.92107,0.8269700000000001,0.7323,0.6110300000000001,0.48817,0.35557,0.21658000000000002,0.072226,-0.07438,-0.21903000000000003,-0.36313,-0.49996999999999997,-0.61238,-0.70192,-0.7529899999999999,-0.7985899999999999,-0.8207399999999999,-0.83247,-0.84131,-0.84246,-0.84716,-0.84509,-0.8423,-0.83857,-0.83714,-0.83735,-0.84199,-0.84149,-0.8475,-0.8502,-0.85514,-0.8534799999999999,-0.8572200000000001,-0.8695799999999999,-0.892,-0.93565,-0.99579,-1.0608,-1.1245,-1.1771,-1.2011,-1.2026,-1.2033,-1.2006,-1.1962,-1.1992,-1.1956,-1.187,-1.1738,-1.1666
-1.0233,-1.0243,-1.0171,-0.96706,-0.83839,-0.64281,-0.39898,-0.14139000000000002,0.13649,0.37085,0.60015,0.72926,0.8546799999999999,0.93079,0.9871700000000001,1.0064,1.0102,1.0328,1.0359,1.0381,1.0339,1.0352,1.0329,1.0396,1.0388,1.0407,1.0301,1.0308,1.0278,1.0244,1.0237,1.0226,1.0214,1.0189,1.0167,1.0187,1.0229,1.0165,1.018,1.0194,1.0169,1.0141,1.0107,1.014,1.0164,1.0084,1.0071,1.008,0.99587,0.9938799999999999,1.0004,1.0008,0.99551,0.9964799999999999,0.9949399999999999,0.9898299999999999,0.98524,0.98345,0.98157,0.98751,0.98395,0.9954299999999999,0.9954299999999999,0.9956200000000001,0.9928600000000001,1.0006,0.99944,1.0001,0.9990700000000001,0.9899399999999999,0.99197,0.9841200000000001,0.9792700000000001,0.97664,0.9808899999999999,0.96388,0.94095,0.89979,0.85714,0.8105399999999999,0.7752100000000001,0.6935600000000001,0.60516,0.51322,0.38188,0.22657,0.054625,-0.13355999999999998,-0.3338,-0.5153,-0.70331,-0.8608399999999999,-0.9953299999999999,-1.0929,-1.1386,-1.1655,-1.1804,-1.1863,-1.188,-1.1858,-1.1845,-1.1779,-1.1688,-1.1633,-1.1598,-1.1602,-1.1596,-1.161,-1.1604,-1.1588,-1.1541,-1.1447,-1.1447,-1.1425,-1.1378,-1.1373,-1.1319,-1.1296,-1.1269,-1.1241,-1.122,-1.1173,-1.1176,-1.1128,-1.1151,-1.1132,-1.1147,-1.1145,-1.1175,-1.119,-1.1201,-1.1206,-1.121,-1.1224,-1.1219,-1.1222
-1.3372,-1.3278,-1.3262,-1.3223,-1.3219999999999998,-1.3154,-1.3123,-1.3077,-1.3063,-1.2926,-1.2618,-1.1969,-1.114,-1.0313,-0.97226,-0.9458799999999999,-0.9289700000000001,-0.94432,-0.9618899999999999,-0.98601,-0.98656,-0.9637100000000001,-0.9502700000000001,-0.9353899999999999,-0.89515,-0.8395299999999999,-0.7563,-0.61047,-0.48236,-0.34581,-0.20052,-0.024858,0.12065,0.25021,0.36301,0.47931999999999997,0.5806899999999999,0.67991,0.75689,0.8318,0.88071,0.91141,0.9221600000000001,0.93343,0.9335200000000001,0.93689,0.9415600000000001,0.9411700000000001,0.9404600000000001,0.9480799999999999,0.9488200000000001,0.95011,0.95426,0.95775,0.95767,0.9593799999999999,0.9616600000000001,0.96334,0.9627399999999999,0.96293,0.96124,0.9611799999999999,0.9611799999999999,0.95416,0.9602299999999999,0.9558200000000001,0.95625,0.9603799999999999,0.9538200000000001,0.9560799999999999,0.9575600000000001,0.95641,0.95773,0.95762,0.9557200000000001,0.95544,0.9562,0.9521799999999999,0.9561799999999999,0.95367,0.95395,0.9526899999999999,0.9517700000000001,0.94904,0.94936,0.94804,0.95215,0.95124,0.9505299999999999,0.95183,0.95006,0.9510299999999999,0.94655,0.9446100000000001,0.94442,0.9416100000000001,0.93024,0.93121,0.9304,0.9276200000000001,0.9267700000000001,0.9274,0.9189299999999999,0.9156299999999999,0.90986,0.8992899999999999,0.87487,0.8391799999999999,0.76977,0.6937300000000001,0.58365,0.46348999999999996,0.31201,0.17683,0.029047000000000003,-0.1229,-0.26392,-0.39958,-0.53683,-0.67762,-0.80216,-0.91433,-0.98826,-1.0527,-1.0953,-1.1203,-1.1344,-1.1419,-1.1509,-1.1553,-1.158,-1.1626,-1.165,-1.17,-1.1743,-1.1744
-0.95005,-0.9431,-0.9126200000000001,-0.8506,-0.76758,-0.6785899999999999,-0.62965,-0.61139,-0.61473,-0.62927,-0.62442,-0.59615,-0.57529,-0.5612699999999999,-0.53517,-0.50789,-0.48563,-0.4736,-0.45091000000000003,-0.41557,-0.38558000000000003,-0.32147,-0.2364,-0.10262,0.05185,0.23965999999999998,0.46068000000000003,0.62007,0.76559,0.90351,1.0267,1.1392,1.2382,1.3085,1.3628,1.4004,1.416,1.4184,1.4134,1.4135,1.4175,1.4203,1.4264,1.4337,1.4329,1.4278,1.4338,1.4325,1.419,1.4285,1.4263,1.425,1.4297,1.4332,1.4302,1.4345,1.4328,1.4421,1.4423,1.4477,1.4479,1.4439,1.4439,1.443,1.4451,1.4387,1.4352,1.4276,1.4273,1.4128,1.3831,1.3373,1.2889,1.2196,1.1309,1.0266,0.88836,0.7347600000000001,0.54673,0.37844,0.20131,0.023965,-0.11019000000000001,-0.25447,-0.36629,-0.46337,-0.52737,-0.57171,-0.5831,-0.59468,-0.5976,-0.59542,-0.59632,-0.59625,-0.6019899999999999,-0.6036699999999999,-0.61166,-0.6185,-0.6260100000000001,-0.6403300000000001,-0.6584800000000001,-0.6801,-0.7087600000000001,-0.75329,-0.8022600000000001,-0.8626799999999999,-0.9376,-1.0069,-1.0437,-1.0535,-1.0494,-1.0334,-1.0129,-0.98906,-0.9457200000000001,-0.9321,-0.9205899999999999,-0.91764,-0.9116200000000001,-0.9113600000000001,-0.90945,-0.9071,-0.9043,-0.90275,-0.89897,-0.8976299999999999,-0.8967,-0.8936700000000001,-0.89184,-0.8933,-0.89113,-0.8904700000000001,-0.8899799999999999,-0.89085,-0.8903399999999999,-0.89375
-1.4831,-1.4844,-1.4851,-1.4851,-1.4857,-1.4859,-1.4879,-1.4888,-1.4823,-1.4498,-1.3486,-1.1741,-0.93422,-0.65341,-0.35419,-0.064913,0.1805,0.3794,0.52612,0.6120399999999999,0.68638,0.7379600000000001,0.75454,0.78358,0.78999,0.79548,0.80384,0.81339,0.8193,0.81755,0.8145600000000001,0.8212200000000001,0.82581,0.82532,0.8270700000000001,0.8360299999999999,0.8266899999999999,0.82257,0.81875,0.8197700000000001,0.78303,0.78293,0.77945,0.78113,0.7792100000000001,0.7790699999999999,0.7779,0.78592,0.78101,0.7829699999999999,0.78928,0.78455,0.78105,0.7865,0.7832,0.78305,0.78705,0.79176,0.7875800000000001,0.7942600000000001,0.79457,0.78788,0.78788,0.7872399999999999,0.79282,0.7933399999999999,0.79272,0.79543,0.79178,0.7901,0.8023899999999999,0.79764,0.79728,0.7985399999999999,0.79999,0.79766,0.80167,0.80218,0.7999,0.80111,0.8063600000000001,0.80484,0.79937,0.8008,0.79687,0.7923600000000001,0.8035899999999999,0.79057,0.78577,0.78987,0.7865800000000001,0.77503,0.7920699999999999,0.78988,0.80286,0.81607,0.81358,0.7965,0.79756,0.78273,0.75741,0.7308100000000001,0.67599,0.62585,0.5625100000000001,0.47836999999999996,0.38969000000000004,0.26838,0.14515,-0.0010711,-0.15763,-0.30904,-0.47286000000000006,-0.63247,-0.77247,-0.90912,-1.0188,-1.1167,-1.2055,-1.2797,-1.3321,-1.37,-1.3901,-1.3871,-1.3794,-1.3733,-1.3678,-1.3623,-1.3635,-1.3646,-1.3683,-1.3707,-1.3741,-1.3739,-1.3738,-1.3747
-0.9878899999999999,-0.99046,-0.9920899999999999,-0.9887600000000001,-0.96846,-0.9159200000000001,-0.7943899999999999,-0.6049,-0.36429,-0.096442,0.1562,0.41455,0.62856,0.79552,0.9048,0.98755,1.0482,1.0802,1.0916,1.0908,1.0943,1.0978,1.0883,1.0957,1.0985,1.0964,1.0972,1.0984,1.0967,1.0959999999999999,1.0993,1.0966,1.1032,1.1,1.0998,1.1005,1.1036,1.1036,1.1026,1.1013,1.1068,1.1046,1.0993,1.1058,1.1052,1.1038,1.1012,1.1077,1.1116,1.1081,1.1032,1.1065,1.1052,1.1059,1.1052,1.1096,1.1084,1.1052,1.1002,1.1082,1.1064,1.0999,1.0999,1.0923,1.0971,1.0979,1.0915,1.0896,1.0937,1.0871,1.0898,1.0761,1.0594,1.0347,0.9989299999999999,0.95157,0.8816700000000001,0.80571,0.68871,0.56417,0.40239,0.22428,0.016737000000000002,-0.20603000000000002,-0.41688000000000003,-0.6253,-0.80642,-0.9637399999999999,-1.0951,-1.1602,-1.1832,-1.1932,-1.1945,-1.1747,-1.1429,-1.1055,-1.0737,-1.0415,-1.0228,-1.0069,-0.9990600000000001,-0.9942799999999999,-0.99116,-0.99205,-0.99364,-0.99435,-0.9958,-0.9932799999999999,-0.98998,-0.9902,-0.9855200000000001,-0.98234,-0.97959,-0.9753799999999999,-0.97196,-0.9709200000000001,-0.96939,-0.97044,-0.96954,-0.97,-0.9698,-0.96972,-0.9699200000000001,-0.97014,-0.97025,-0.97001,-0.97111,-0.97183,-0.9701799999999999,-0.96539,-0.96583,-0.9666,-0.96741,-0.96925,-0.9704200000000001,-0.9705299999999999
-0.7742399999999999,-0.77703,-0.77942,-0.7802600000000001,-0.77832,-0.78001,-0.7782600000000001,-0.77896,-0.78193,-0.78042,-0.78277,-0.78274,-0.77956,-0.77687,-0.77799,-0.77813,-0.77862,-0.77867,-0.77369,-0.75988,-0.72437,-0.67392,-0.62783,-0.5959899999999999,-0.54795,-0.54856,-0.57682,-0.59037,-0.58741,-0.569,-0.55078,-0.52561,-0.50981,-0.47118000000000004,-0.43433,-0.35806,-0.23951,-0.12625999999999998,0.036489999999999995,0.26905999999999997,0.51781,0.79362,1.0377,1.2431,1.4028,1.5182,1.6079,1.6763,1.7097,1.7184,1.722,1.7133,1.7062,1.706,1.7051,1.7061,1.7066,1.7057,1.7136,1.7138,1.7146,1.7166,1.7166,1.7125,1.7134,1.7103,1.7058,1.7052,1.6965,1.6932,1.6897,1.6822,1.6757,1.6562,1.6273,1.5712,1.495,1.3979,1.2801,1.1248,0.96865,0.79343,0.61648,0.4729,0.30561,0.15183,0.0029085,-0.10825,-0.25294,-0.36972,-0.44461000000000006,-0.50388,-0.54414,-0.57287,-0.59054,-0.6006600000000001,-0.59611,-0.60732,-0.59614,-0.5968100000000001,-0.5837,-0.57313,-0.5576,-0.5373899999999999,-0.50788,-0.47686000000000006,-0.45725,-0.45008000000000004,-0.48355,-0.53378,-0.58321,-0.6470600000000001,-0.69619,-0.7411800000000001,-0.7681600000000001,-0.78113,-0.78467,-0.79005,-0.7892899999999999,-0.7862,-0.78046,-0.77504,-0.75883,-0.75649,-0.7572,-0.75369,-0.7578699999999999,-0.75643,-0.75532,-0.75765,-0.76013,-0.75797,-0.75326,-0.7517199999999999,-0.7497699999999999,-0.7446
-0.61033,-0.60974,-0.60725,-0.60542,-0.60249,-0.6031,-0.6015,-0.60229,-0.6013,-0.60238,-0.60265,-0.60452,-0.60433,-0.60649,-0.60565,-0.60829,-0.61021,-0.6139600000000001,-0.6147699999999999,-0.61549,-0.61648,-0.61549,-0.6156,-0.6167600000000001,-0.61637,-0.6172300000000001,-0.61648,-0.61734,-0.61731,-0.61615,-0.6130399999999999,-0.59647,-0.56171,-0.49008,-0.39111999999999997,-0.29469,-0.19871,-0.083312,0.058838999999999995,0.30079,0.49315,0.60306,0.71333,0.8405,1.0068,1.2051,1.4249,1.6112,1.7666,1.8668,1.9155,1.9218,1.9402,1.9507,1.9588,1.9688,1.9791,1.9784,1.9795,1.9873,1.9959,1.9911,1.9911,1.9921,1.9913,1.9902,1.9854,1.9553,1.9314,1.8832,1.8047,1.6936,1.5566,1.3953,1.2505,1.1163,0.9872799999999999,0.8421299999999999,0.71249,0.6775399999999999,0.40886,0.32133,-0.006005399999999999,-0.20761,-0.34992,-0.50357,-0.6328699999999999,-0.7147399999999999,-0.75542,-0.76437,-0.7631100000000001,-0.7529399999999999,-0.7328399999999999,-0.71587,-0.70077,-0.68519,-0.67843,-0.6692899999999999,-0.6608,-0.65782,-0.6544,-0.65236,-0.64474,-0.64025,-0.63915,-0.6349600000000001,-0.63265,-0.6348,-0.63394,-0.6332800000000001,-0.63456,-0.63253,-0.63365,-0.63503,-0.6361600000000001,-0.63727,-0.6370899999999999,-0.6375,-0.63841,-0.6381100000000001,-0.63647,-0.6361899999999999,-0.63469,-0.6322399999999999,-0.6268699999999999,-0.62456,-0.62308,-0.61907,-0.6187199999999999,-0.61487,-0.61452,-0.60921,-0.60761,-0.6046699999999999,-0.60563,-0.60011
-0.6335,-0.6351399999999999,-0.63936,-0.63967,-0.6422800000000001,-0.6454,-0.64922,-0.65482,-0.65691,-0.65971,-0.6613100000000001,-0.66389,-0.66499,-0.6666,-0.66699,-0.67166,-0.6712199999999999,-0.67076,-0.66669,-0.6416,-0.5998,-0.56133,-0.5445800000000001,-0.54162,-0.5462600000000001,-0.5583,-0.56274,-0.55377,-0.53691,-0.5208699999999999,-0.51263,-0.50752,-0.47041000000000005,-0.38747,-0.24086,-0.057701999999999996,0.14533,0.39479000000000003,0.6270100000000001,0.83947,1.0471,1.2491,1.4651,1.6728,1.8217,1.8899,1.8993,1.9261,1.9342,1.9443,1.9543,1.9587,1.972,1.9716,1.9754,1.9809999999999999,1.9813,1.9838,1.9872,1.9876,1.9872,1.9775,1.9775,1.9531,1.9311,1.8955,1.8364,1.7441,1.641,1.4992,1.3430000000000002,1.1789,1.014,0.8510200000000001,0.69553,0.5301100000000001,0.3696,0.21566999999999997,0.07815,-0.061246,-0.19735,-0.31344,-0.39569,-0.46798999999999996,-0.51703,-0.5491699999999999,-0.56338,-0.5666800000000001,-0.56711,-0.5703600000000001,-0.56802,-0.56587,-0.56708,-0.56863,-0.56555,-0.55769,-0.54395,-0.52459,-0.49385,-0.45891000000000004,-0.43498000000000003,-0.4228,-0.43615,-0.46825,-0.5193,-0.57468,-0.63775,-0.70106,-0.7464,-0.78227,-0.79285,-0.79368,-0.79098,-0.78938,-0.78593,-0.7767,-0.76303,-0.74037,-0.7158,-0.68908,-0.66368,-0.64775,-0.643,-0.6412,-0.64076,-0.64373,-0.64642,-0.6472600000000001,-0.64674,-0.64507,-0.64393,-0.64289,-0.64251,-0.64078,-0.64053,-0.6402100000000001
-1.3106,-1.3101,-1.3041,-1.2993,-1.2998,-1.3118,-1.2926,-1.3058,-1.2544,-1.1676,-1.0679,-0.95091,-0.73965,-0.4354,-0.17294,0.07439,0.28254,0.45962,0.6065699999999999,0.68405,0.7451,0.84921,0.9214,0.91053,1.0103,0.9347799999999999,0.9187299999999999,0.97475,1.0615,0.8646,0.9659200000000001,0.8899299999999999,0.90218,0.8337399999999999,0.86655,0.8885299999999999,0.8622299999999999,0.88481,0.90875,0.8732700000000001,0.92338,0.8616299999999999,0.88954,0.9050299999999999,0.9581,0.89123,0.9170200000000001,0.9094200000000001,0.90941,0.90275,0.9218700000000001,0.9230700000000001,0.9111600000000001,0.92955,0.91456,0.9174,0.9429700000000001,0.93684,0.93076,0.9138700000000001,0.88802,0.93645,0.93645,0.9254899999999999,0.93455,0.9345,0.9390000000000001,0.9090600000000001,0.89866,0.88381,0.89423,0.8658100000000001,0.87384,0.8625299999999999,0.8644,0.8655799999999999,0.86269,0.8814200000000001,0.85588,0.8572700000000001,0.87661,0.9094399999999999,0.93474,0.8973399999999999,0.9172399999999999,0.9985299999999999,0.9339200000000001,0.9102399999999999,0.8915700000000001,0.8806799999999999,0.85615,0.83894,0.81033,0.77628,0.72051,0.6661199999999999,0.5804600000000001,0.47418999999999994,0.35276,0.214,0.067116,-0.096407,-0.26238,-0.43044,-0.59042,-0.74249,-0.8675700000000001,-0.9733799999999999,-1.0535,-1.1285,-1.1815,-1.2147,-1.2212,-1.2225,-1.2218,-1.2202,-1.2161,-1.2117,-1.2064,-1.2018,-1.1991,-1.1992,-1.1986,-1.1975,-1.1965,-1.1979,-1.1988,-1.1979,-1.1973,-1.1977,-1.198,-1.1983,-1.1998,-1.202,-1.2036,-1.2055
-0.57208,-0.57101,-0.5702,-0.57127,-0.57127,-0.56977,-0.57053,-0.57003,-0.57119,-0.5725399999999999,-0.5717,-0.5737300000000001,-0.57348,-0.5727,-0.5708300000000001,-0.5718,-0.5722,-0.57263,-0.57215,-0.5755600000000001,-0.57492,-0.5785100000000001,-0.57852,-0.58029,-0.57914,-0.5785899999999999,-0.57831,-0.57897,-0.57836,-0.57872,-0.57722,-0.5773,-0.56915,-0.54585,-0.51089,-0.42378000000000005,-0.33053,-0.24611999999999998,-0.12372000000000001,-0.028687999999999998,0.27867,0.48891,0.5957899999999999,0.68838,0.83691,0.9907799999999999,1.1935,1.4138,1.5994,1.7722,1.869,1.9241,1.9539,1.9608,1.9964,2.0061,2.0154,2.0136,2.0167,2.023,2.0241,2.0227,2.0227,2.0331,2.0243,2.0166,2.0215,2.0028,1.9813,1.9417,1.8719,1.7734,1.6308,1.4645,1.3089,1.1508,1.0166,0.8953700000000001,0.78136,0.66178,0.53063,0.47031999999999996,0.20824,0.015196000000000001,-0.16187,-0.29681,-0.42218,-0.5612199999999999,-0.66181,-0.7217600000000001,-0.7400800000000001,-0.74359,-0.7422,-0.73546,-0.71915,-0.70094,-0.68575,-0.67969,-0.67924,-0.6812199999999999,-0.68576,-0.6916899999999999,-0.69589,-0.6995399999999999,-0.70744,-0.70891,-0.70895,-0.7095899999999999,-0.71021,-0.70614,-0.7004199999999999,-0.69568,-0.6896399999999999,-0.68605,-0.68625,-0.6859999999999999,-0.6853899999999999,-0.68607,-0.68545,-0.68671,-0.6895,-0.68748,-0.68758,-0.68399,-0.68002,-0.67619,-0.67165,-0.66561,-0.65989,-0.65691,-0.65415,-0.65273,-0.65182,-0.65196,-0.65152,-0.65375
-1.6195,-1.6194,-1.618,-1.6189,-1.6187,-1.6187,-1.6172,-1.614,-1.5998,-1.5677,-1.4959,-1.3847,-1.2157,-0.9951200000000001,-0.7459,-0.48103,-0.21489,0.040983,0.24352,0.40296,0.51753,0.5762,0.62335,0.65057,0.66513,0.67901,0.66769,0.67806,0.6694,0.66904,0.68218,0.6846399999999999,0.69384,0.6926,0.69681,0.69675,0.69376,0.69321,0.69486,0.69282,0.69626,0.6921,0.6914399999999999,0.68565,0.6926100000000001,0.68792,0.69443,0.6955899999999999,0.6948,0.69352,0.6983699999999999,0.68877,0.69731,0.69725,0.69809,0.70233,0.70012,0.70331,0.6947800000000001,0.6945600000000001,0.69703,0.6945600000000001,0.6945600000000001,0.69727,0.69797,0.69665,0.6993199999999999,0.70227,0.6986100000000001,0.6966600000000001,0.70129,0.7014600000000001,0.70302,0.70199,0.7054199999999999,0.70623,0.70129,0.7035,0.7025100000000001,0.70519,0.69965,0.6993699999999999,0.69775,0.69762,0.69705,0.69633,0.69516,0.69695,0.70238,0.70075,0.70376,0.69865,0.69618,0.70158,0.69784,0.69977,0.70308,0.70297,0.70375,0.7056899999999999,0.70903,0.6965899999999999,0.69877,0.70328,0.6926,0.69997,0.69547,0.68062,0.66497,0.64955,0.63069,0.60601,0.58005,0.54256,0.49151999999999996,0.44123999999999997,0.35956,0.25625,0.13702999999999999,-0.019628,-0.19510999999999998,-0.39421999999999996,-0.60348,-0.81688,-1.0356,-1.2305,-1.4034,-1.5495,-1.6601,-1.7459,-1.7977,-1.8215,-1.8208,-1.8148,-1.8023,-1.7793
-1.1218,-1.123,-1.1229,-1.124,-1.1226,-1.1221,-1.1224,-1.1209,-1.1179,-1.0955,-1.0303,-0.90374,-0.71446,-0.46705,-0.20410999999999999,0.056722,0.29985,0.51955,0.69284,0.8146899999999999,0.8895799999999999,0.9344299999999999,0.9716600000000001,0.9832200000000001,0.98824,0.98777,0.9888,0.9741799999999999,0.96959,0.9610299999999999,0.96395,0.96678,0.96606,0.9677899999999999,0.96835,0.9667399999999999,0.96825,0.96429,0.9665,0.96645,0.95935,0.96541,0.9647899999999999,0.96142,0.9596100000000001,0.9604299999999999,0.95972,0.96729,0.9618399999999999,0.9647399999999999,0.9654299999999999,0.96339,0.96055,0.95863,0.95626,0.9677100000000001,0.96734,0.95601,0.96447,0.96699,0.9581799999999999,0.9525,0.9525,0.95539,0.9474899999999999,0.96144,0.96141,0.9576100000000001,0.95724,0.9599700000000001,0.95405,0.9591,0.96072,0.95983,0.9574600000000001,0.9646600000000001,0.9647399999999999,0.96525,0.9654200000000001,0.96145,0.96854,0.96847,0.97045,0.9658200000000001,0.95439,0.95237,0.9516,0.9177200000000001,0.88308,0.84777,0.77587,0.7066399999999999,0.59827,0.48883000000000004,0.34655,0.19299000000000002,0.021716,-0.16019,-0.34276999999999996,-0.51708,-0.68243,-0.8294,-0.9487200000000001,-1.0423,-1.123,-1.1736,-1.2103,-1.22,-1.2255,-1.225,-1.2218,-1.2148,-1.2054,-1.1981,-1.1942,-1.1867,-1.1843,-1.1838,-1.1834,-1.1835,-1.1813,-1.1822,-1.1793,-1.1779,-1.1783,-1.1745,-1.1746,-1.1736,-1.1743,-1.1752,-1.1767,-1.1751,-1.1761,-1.1752,-1.175,-1.1749
-0.6958,-0.696,-0.69587,-0.69562,-0.69677,-0.69704,-0.69634,-0.69765,-0.69712,-0.69787,-0.6985600000000001,-0.6984600000000001,-0.6984100000000001,-0.6985399999999999,-0.69414,-0.6875,-0.68483,-0.68306,-0.68011,-0.67789,-0.6783100000000001,-0.67675,-0.6784399999999999,-0.67862,-0.6764899999999999,-0.67348,-0.67313,-0.67245,-0.67292,-0.67195,-0.6696,-0.65359,-0.6245,-0.55872,-0.4485,-0.27596,-0.025204,0.12012,0.3388,0.5161899999999999,0.61083,0.70439,0.82314,0.9803200000000001,1.1805,1.3779,1.5381,1.6106,1.6632,1.6746,1.6828,1.6995,1.7027,1.7117,1.7195,1.7189,1.7215,1.7192,1.723,1.7243,1.7207,1.7251,1.7251,1.7204,1.7145,1.716,1.7103,1.7066,1.7016,1.6944,1.6909999999999998,1.6829,1.6741,1.6607,1.6382,1.5997,1.5413,1.4278,1.2738,1.1028,0.935,0.79143,0.68105,0.58236,0.48828,0.38493,0.26915,0.14032999999999998,-0.027805,-0.17912,-0.32549,-0.46468000000000004,-0.5989899999999999,-0.7035,-0.77974,-0.8291700000000001,-0.8515299999999999,-0.85177,-0.8463700000000001,-0.83399,-0.81958,-0.79788,-0.7801,-0.76589,-0.75447,-0.74705,-0.7417100000000001,-0.73724,-0.73275,-0.72582,-0.71983,-0.7135199999999999,-0.70636,-0.6987399999999999,-0.69163,-0.68943,-0.68814,-0.68826,-0.68984,-0.69653,-0.6994199999999999,-0.70213,-0.7057,-0.70757,-0.70982,-0.71162,-0.71296,-0.71165,-0.71102,-0.71194,-0.7088899999999999,-0.7067,-0.70623,-0.7044600000000001,-0.70457,-0.7039
-1.1398,-1.1358,-1.128,-1.1011,-1.05,-0.9667,-0.8931,-0.81448,-0.7723,-0.74557,-0.7260300000000001,-0.72719,-0.73551,-0.7372,-0.71828,-0.72637,-0.72683,-0.71762,-0.71392,-0.7097399999999999,-0.70396,-0.69735,-0.68889,-0.68008,-0.68601,-0.6976,-0.71888,-0.71218,-0.68882,-0.6107,-0.47843,-0.3069,-0.093011,0.090806,0.23596,0.37593000000000004,0.50435,0.6353800000000001,0.75359,0.85854,0.9380200000000001,1.0133,1.0693,1.1123,1.1474,1.1496,1.1739,1.1838,1.2006,1.1939,1.2079,1.2151,1.2228,1.2069,1.2106,1.2207,1.2256,1.2229999999999999,1.2252,1.2267,1.239,1.2302,1.2302,1.2341,1.2387,1.2395,1.23,1.2351,1.2356,1.2409999999999999,1.2358,1.2424,1.2322,1.2294,1.2326,1.2339,1.2398,1.2362,1.2336,1.239,1.2355,1.2298,1.238,1.2365,1.2294,1.237,1.2229,1.2159,1.2064,1.1878,1.1648,1.1139,1.0428,0.9697899999999999,0.8631,0.74997,0.60917,0.46558999999999995,0.31694,0.16332,-0.0010775000000000001,-0.14024,-0.27081,-0.38436,-0.49238999999999994,-0.59263,-0.67657,-0.7449600000000001,-0.79305,-0.8224,-0.83898,-0.8518600000000001,-0.85855,-0.86567,-0.8702,-0.8734299999999999,-0.87045,-0.86739,-0.86708,-0.8665799999999999,-0.86611,-0.8687799999999999,-0.87389,-0.88297,-0.89535,-0.9128299999999999,-0.94324,-0.9998,-1.0744,-1.1604,-1.2301,-1.2629,-1.2605,-1.2375,-1.2136,-1.1969
-0.9432299999999999,-0.9172100000000001,-0.8782200000000001,-0.8043899999999999,-0.7431300000000001,-0.69539,-0.6603899999999999,-0.6561600000000001,-0.64945,-0.65505,-0.65212,-0.63254,-0.62538,-0.62303,-0.60833,-0.58648,-0.55857,-0.53357,-0.51635,-0.47523999999999994,-0.4377,-0.39478,-0.28472,-0.14627,0.01036,0.19992000000000001,0.41472,0.58637,0.73258,0.8619,0.9882,1.0908,1.1606,1.2161,1.2654,1.2998,1.3088,1.3276,1.3412,1.3501,1.3582,1.3582,1.3587,1.3599,1.3597,1.357,1.3518,1.3474,1.3426,1.3418,1.3382,1.3372,1.3425,1.3376,1.3354,1.3427,1.3388,1.3427,1.3439,1.3471,1.3433,1.3484,1.3484,1.347,1.3442,1.3437,1.3412,1.3381,1.3412,1.3362,1.3278,1.3199,1.3144,1.2922,1.2707,1.2288,1.182,1.1069,1.0114,0.9036700000000001,0.78242,0.65382,0.52987,0.40811,0.24796999999999997,0.11596,-0.033719,-0.15966,-0.24013,-0.34463,-0.42766000000000004,-0.50588,-0.56916,-0.62385,-0.6523899999999999,-0.698,-0.72231,-0.73209,-0.74515,-0.76818,-0.7743399999999999,-0.7841100000000001,-0.78788,-0.78995,-0.79365,-0.7964600000000001,-0.79745,-0.80174,-0.81911,-0.84099,-0.88699,-0.9768700000000001,-1.0505,-1.1093,-1.1272,-1.1255,-1.1079999999999999,-1.0921,-1.0768,-1.0547,-1.0415,-1.0269,-1.0192,-1.018,-1.0162,-1.0188,-1.0137,-1.0155,-1.0147,-1.0118,-1.0070000000000001,-1.0036,-1.0065,-1.0064,-1.0066,-1.0032
-1.0261,-1.0241,-1.026,-1.0245,-1.0224,-1.0076,-0.97483,-0.9183399999999999,-0.81994,-0.72709,-0.6706300000000001,-0.63256,-0.62264,-0.61517,-0.6321100000000001,-0.64158,-0.63503,-0.62262,-0.59763,-0.5771,-0.5574399999999999,-0.53773,-0.51305,-0.45274,-0.30465,-0.16732,0.004961800000000001,0.19297,0.35866,0.50261,0.64159,0.75746,0.8555200000000001,0.9528399999999999,1.0357,1.1092,1.1719,1.2247,1.2577,1.2813,1.2930000000000001,1.2945,1.2994,1.3008,1.2979,1.2965,1.2988,1.3045,1.3019999999999998,1.3024,1.3024,1.3024,1.2962,1.2901,1.2923,1.2877,1.2908,1.2876,1.2873,1.2904,1.2873,1.2832,1.2832,1.2833,1.2792,1.2817,1.2798,1.2808,1.2819999999999998,1.278,1.2790000000000001,1.2776,1.2784,1.2793,1.2745,1.268,1.2670000000000001,1.2598,1.252,1.2327,1.2097,1.1654,1.0995,1.0099,0.90097,0.77986,0.63745,0.48486,0.33021999999999996,0.19296,0.032481,-0.11127999999999999,-0.23673000000000002,-0.35949000000000003,-0.46786000000000005,-0.54915,-0.6140899999999999,-0.6581100000000001,-0.69194,-0.7126,-0.71843,-0.7227,-0.72363,-0.72325,-0.73163,-0.74068,-0.74934,-0.75981,-0.76452,-0.7681899999999999,-0.77137,-0.77145,-0.7693300000000001,-0.77932,-0.78481,-0.78537,-0.78498,-0.78969,-0.79432,-0.81275,-0.8375600000000001,-0.88456,-0.9587,-1.0431,-1.1375,-1.2105,-1.2337,-1.2211,-1.18,-1.1215,-1.0837,-1.0532,-1.0384,-1.0348,-1.0389,-1.0331
-1.0529,-1.053,-1.0516,-1.0413,-0.9973799999999999,-0.9154200000000001,-0.74897,-0.52882,-0.26886,-0.0020094,0.27516,0.49626000000000003,0.67202,0.8241799999999999,0.9265200000000001,0.9690000000000001,1.0104,1.0128,1.0047,1.0061,0.9733799999999999,0.97259,0.9864,0.98029,0.9892799999999999,0.9921200000000001,0.99749,1.0001,0.9963,1.0009,1.0031,0.99735,0.99646,0.9951200000000001,0.9959399999999999,1.0035,1.0036,1.0044,1.0047,1.0041,1.0068,1.0118,1.0064,1.0156,1.0127,1.0148,1.0138,1.0207,1.0135,1.0177,1.0205,1.014,1.0124,1.0095,1.013,1.0138,1.0109,1.0149,1.0096,1.0061,1.0033,1.0056,1.0056,0.9959399999999999,0.98408,0.97895,0.98835,0.9787600000000001,0.97429,0.97024,0.9700799999999999,0.9736299999999999,0.96031,0.9492200000000001,0.95105,0.9408299999999999,0.94296,0.9277,0.91625,0.87934,0.84464,0.8013,0.7428600000000001,0.67485,0.60034,0.5051,0.40452,0.27969,0.14,-0.02377,-0.20104,-0.39388,-0.5613,-0.73965,-0.89923,-1.0357,-1.1565,-1.2065,-1.2261,-1.2375,-1.2367,-1.2349,-1.2332,-1.2204,-1.208,-1.178,-1.1644,-1.1556,-1.1505,-1.1404,-1.1419,-1.1413,-1.1411,-1.1405,-1.1456,-1.1444,-1.1435,-1.1447,-1.1436,-1.1438,-1.1414,-1.1414,-1.1443,-1.1432,-1.1474,-1.1478,-1.15,-1.1475,-1.1498,-1.1515,-1.1527,-1.1504,-1.1502,-1.1529,-1.1502,-1.1519
-0.5626800000000001,-0.5642,-0.56908,-0.57611,-0.5825899999999999,-0.5859300000000001,-0.5876399999999999,-0.59103,-0.5959899999999999,-0.59951,-0.60997,-0.61955,-0.6320600000000001,-0.64166,-0.64949,-0.65589,-0.65646,-0.6574300000000001,-0.6569699999999999,-0.65663,-0.65394,-0.6543899999999999,-0.65136,-0.64769,-0.64767,-0.64398,-0.64089,-0.63451,-0.6202,-0.59158,-0.53845,-0.44756999999999997,-0.35436,-0.23689000000000002,-0.14717,0.12265999999999999,0.29379,0.4822,0.73474,0.85395,0.97252,1.0939,1.2462,1.4152,1.5654,1.7144,1.7904,1.8267,1.8403,1.8603,1.8731,1.8762,1.8836,1.8909,1.8997,1.9003,1.9032,1.9052,1.8969999999999998,1.9017,1.909,1.9029,1.9029,1.8983,1.8813,1.8618,1.8264,1.7724,1.695,1.6095,1.4943,1.3773,1.2641,1.1483,1.0494,0.94355,0.81463,0.71528,0.5987899999999999,0.50222,0.30612,0.041356,-0.14786,-0.30015,-0.4262,-0.57557,-0.69933,-0.77146,-0.80256,-0.8066,-0.79972,-0.78408,-0.76672,-0.7490100000000001,-0.72963,-0.70897,-0.6843600000000001,-0.6749,-0.67057,-0.67008,-0.66904,-0.6694100000000001,-0.6702,-0.6719,-0.67106,-0.67065,-0.67115,-0.67256,-0.67398,-0.67599,-0.67937,-0.6824,-0.68597,-0.68884,-0.69538,-0.69657,-0.70023,-0.70325,-0.7108800000000001,-0.71202,-0.71534,-0.71741,-0.7198,-0.7205,-0.72268,-0.72456,-0.72378,-0.72572,-0.7267,-0.7256600000000001,-0.7268100000000001,-0.72677,-0.72553,-0.72417,-0.7208899999999999,-0.71883
-0.6151399999999999,-0.61483,-0.61051,-0.60244,-0.59514,-0.58937,-0.58645,-0.5876899999999999,-0.5924699999999999,-0.59472,-0.59933,-0.59942,-0.5959899999999999,-0.59464,-0.58685,-0.57972,-0.57113,-0.5616899999999999,-0.54904,-0.53355,-0.51876,-0.5048199999999999,-0.51005,-0.51178,-0.53173,-0.5614399999999999,-0.58705,-0.59165,-0.57205,-0.5574100000000001,-0.55198,-0.54977,-0.5070600000000001,-0.41555,-0.25365,-0.071631,0.15835,0.402,0.62449,0.8422700000000001,1.0439,1.2298,1.4123,1.5846,1.7259,1.7988,1.8036,1.8066,1.81,1.8122,1.8167,1.8202,1.8225,1.8258,1.8265,1.8297,1.8419999999999999,1.8483,1.8454,1.8497,1.8446,1.8446,1.8446,1.8435,1.8421,1.8355,1.8316,1.8176,1.8054,1.7708,1.6976,1.5905,1.4621,1.2957,1.1038,0.92037,0.72853,0.5605899999999999,0.3885,0.2282,0.07078999999999999,-0.071016,-0.20347,-0.31356,-0.39424000000000003,-0.44855,-0.48505,-0.51149,-0.53254,-0.55842,-0.57903,-0.5946600000000001,-0.6044,-0.61106,-0.62,-0.62656,-0.62642,-0.62351,-0.62285,-0.62568,-0.62749,-0.62774,-0.62637,-0.6230100000000001,-0.62273,-0.62827,-0.63163,-0.6422,-0.6601899999999999,-0.6816399999999999,-0.70906,-0.7397100000000001,-0.7609199999999999,-0.77622,-0.78967,-0.80303,-0.81388,-0.82265,-0.82506,-0.82465,-0.8213,-0.81015,-0.79356,-0.78691,-0.77781,-0.7738,-0.7760699999999999,-0.78471,-0.79662,-0.80465,-0.80037,-0.79783,-0.79508,-0.79704,-0.80128,-0.8083600000000001
-0.73211,-0.7288,-0.7249899999999999,-0.72197,-0.71743,-0.7147,-0.7111,-0.71048,-0.71123,-0.71224,-0.71015,-0.71222,-0.71263,-0.71648,-0.71751,-0.71799,-0.71834,-0.7179300000000001,-0.71721,-0.7166600000000001,-0.71495,-0.7124699999999999,-0.71044,-0.7025,-0.69806,-0.68871,-0.68753,-0.68591,-0.68495,-0.68521,-0.6872199999999999,-0.68347,-0.66694,-0.623,-0.5332899999999999,-0.40316,-0.18225999999999998,-2.3692,0.16732,-0.8415,0.5169,0.68623,0.7649100000000001,0.89838,1.0403,1.2154,1.3877,1.5181,1.6615,1.7312,1.745,1.7495,1.7561,1.7681,1.7702,1.7762,1.7705,1.7702,1.785,1.7845,1.7775,1.7747,1.7747,1.7730000000000001,1.7681,1.771,1.7662,1.7604,1.7568,1.7445,1.7327,1.7254,1.7071,1.6791,1.5968,1.5051,1.4018,1.2737,1.1717,1.0426,0.92565,0.8207399999999999,0.7821,0.52741,0.44066000000000005,0.24081999999999998,-0.034898,-0.16802999999999998,-0.32261,-0.4994,-0.6041300000000001,-0.67618,-0.7196600000000001,-0.73853,-0.73307,-0.7093,-0.6744100000000001,-0.63836,-0.6076,-0.58273,-0.57497,-0.56793,-0.56404,-0.5623199999999999,-0.5578,-0.5497,-0.5405399999999999,-0.5337,-0.53461,-0.52776,-0.5214300000000001,-0.5186,-0.51439,-0.5099199999999999,-0.50954,-0.51249,-0.5142399999999999,-0.513,-0.5159600000000001,-0.51494,-0.51681,-0.51373,-0.5148199999999999,-0.51156,-0.51063,-0.50862,-0.5121399999999999,-0.51271,-0.51012,-0.5118699999999999,-0.51188,-0.50718,-0.5069600000000001,-0.5050100000000001,-0.50373,-0.50438
-0.70098,-0.7006,-0.69995,-0.69847,-0.69863,-0.69977,-0.69925,-0.6974899999999999,-0.69596,-0.69521,-0.69438,-0.69338,-0.69194,-0.6914399999999999,-0.69198,-0.69052,-0.6904100000000001,-0.69014,-0.68912,-0.68001,-0.6514300000000001,-0.62239,-0.5985699999999999,-0.60047,-0.60545,-0.61995,-0.63402,-0.6319,-0.60964,-0.58932,-0.5808300000000001,-0.5734600000000001,-0.53587,-0.46168000000000003,-0.32498,-0.13517,0.074279,0.33624,0.59023,0.82326,1.0587,1.3079,1.5335,1.7226,1.8053,1.83,1.8364,1.838,1.8417,1.8426,1.8447,1.8430000000000002,1.845,1.8448,1.8481,1.8484,1.8447,1.8444,1.8419999999999999,1.8415,1.8388,1.8358,1.8358,1.8359999999999999,1.8343,1.8264,1.8238,1.8054,1.7819,1.7286,1.6499,1.5329,1.3929,1.2249,1.0467,0.8693700000000001,0.69747,0.5455399999999999,0.38931,0.20672,0.035792000000000004,-0.09092599999999999,-0.2287,-0.34491,-0.43918,-0.5059899999999999,-0.54243,-0.56875,-0.58658,-0.5989899999999999,-0.60012,-0.60231,-0.6039100000000001,-0.60818,-0.6079,-0.6069899999999999,-0.60523,-0.59475,-0.57329,-0.54547,-0.5183300000000001,-0.48512,-0.44188,-0.41488,-0.40864,-0.42688000000000004,-0.45623,-0.50398,-0.55318,-0.60512,-0.64878,-0.68814,-0.71272,-0.72431,-0.72823,-0.72739,-0.7280300000000001,-0.7238,-0.71407,-0.70227,-0.68975,-0.67662,-0.6646,-0.6534,-0.64165,-0.63983,-0.64013,-0.64071,-0.6398,-0.63955,-0.63783,-0.6392,-0.64026,-0.64113,-0.64141,-0.6421100000000001
-1.4267,-1.4238,-1.4258,-1.4262,-1.426,-1.4103,-1.3346,-1.2089,-1.0004,-0.75366,-0.46416999999999997,-0.19393,0.0021544,0.25183,0.40864,0.54003,0.62456,0.6873600000000001,0.71154,0.7364,0.7368100000000001,0.74539,0.7481399999999999,0.7526,0.77412,0.7749,0.77177,0.78379,0.78556,0.7882899999999999,0.79079,0.78666,0.78843,0.7867,0.7886,0.79457,0.78568,0.78785,0.7912100000000001,0.78589,0.78513,0.79322,0.79275,0.78998,0.79245,0.79109,0.79156,0.79274,0.7913100000000001,0.7936,0.79335,0.78447,0.78341,0.7852399999999999,0.7902399999999999,0.78084,0.78167,0.78368,0.7859999999999999,0.78779,0.78659,0.7863600000000001,0.7863600000000001,0.78452,0.7831100000000001,0.77928,0.77862,0.7780100000000001,0.78166,0.78582,0.78771,0.7884899999999999,0.7870199999999999,0.78495,0.78601,0.7882100000000001,0.78474,0.78613,0.7804399999999999,0.7822100000000001,0.77781,0.77461,0.77474,0.77869,0.777,0.7711,0.78101,0.77961,0.77281,0.7803100000000001,0.77977,0.7843,0.7872399999999999,0.7871100000000001,0.78391,0.77778,0.75371,0.73034,0.70329,0.66535,0.63723,0.60239,0.5434399999999999,0.49438999999999994,0.40569,0.28903,0.17029,0.027367000000000002,-0.15554,-0.31018,-0.49436,-0.6724600000000001,-0.8523299999999999,-1.0449,-1.2085,-1.3432,-1.4532,-1.5292,-1.5722,-1.5874,-1.5864,-1.5781,-1.5572,-1.5357,-1.5115,-1.4924,-1.4780000000000002,-1.4619,-1.4474,-1.4389,-1.4378,-1.4369,-1.4345,-1.4355,-1.4353,-1.4309
